,ID,Date,Company,Title,Link
0,4MoIH07KU5WY43uGV3RDbA==,11/4/2021,Kiến Guru,business intelligence,https://vn.linkedin.com/jobs/view/business-intelligence-at-ki%E1%BA%BFn-guru-2778661153?refId=uPcGMrvL8yd%2F1qEhoj%2Fx3w%3D%3D&trackingId=4MoIH07KU5WY43uGV3RDbA%3D%3D&position=1&pageNum=0&trk=public_jobs_jserp-result_search-card
1,LCq76k16/3ifLGdkiXw6KQ==,11/4/2021,Shopee,"shopeefood - strategy & planning, business intelligence",https://vn.linkedin.com/jobs/view/shopeefood-strategy-planning-business-intelligence-at-shopee-2699218840?refId=uPcGMrvL8yd%2F1qEhoj%2Fx3w%3D%3D&trackingId=LCq76k16%2F3ifLGdkiXw6KQ%3D%3D&position=2&pageNum=0&trk=public_jobs_jserp-result_search-card
2,8in1tJrkcciTWFU3SxjrOg==,11/3/2021,Sendo.vn,business intelligence engineer,https://vn.linkedin.com/jobs/view/business-intelligence-engineer-at-sendo-vn-2777228558?refId=uPcGMrvL8yd%2F1qEhoj%2Fx3w%3D%3D&trackingId=8in1tJrkcciTWFU3SxjrOg%3D%3D&position=3&pageNum=0&trk=public_jobs_jserp-result_search-card
3,fGtgARWANrWr+PSmizks7g==,11/4/2021,Shopee,finance business intelligence analyst,https://vn.linkedin.com/jobs/view/finance-business-intelligence-analyst-at-shopee-2698744210?refId=uPcGMrvL8yd%2F1qEhoj%2Fx3w%3D%3D&trackingId=fGtgARWANrWr%2BPSmizks7g%3D%3D&position=4&pageNum=0&trk=public_jobs_jserp-result_search-card
4,A2o3gwEFNVuE1JqZwLkxVw==,10/7/2021,Shopee,senior business intelligence analyst,https://vn.linkedin.com/jobs/view/senior-business-intelligence-analyst-at-shopee-2781954852?refId=uPcGMrvL8yd%2F1qEhoj%2Fx3w%3D%3D&trackingId=A2o3gwEFNVuE1JqZwLkxVw%3D%3D&position=5&pageNum=0&trk=public_jobs_jserp-result_search-card
5,ztHBEwuGiurfUULhNuVWEw==,11/1/2021,Movi Vietnam,"senior manager, business intelligence & data analytics - risk department",https://vn.linkedin.com/jobs/view/senior-manager-business-intelligence-data-analytics-risk-department-at-movi-vietnam-2773777869?refId=uPcGMrvL8yd%2F1qEhoj%2Fx3w%3D%3D&trackingId=ztHBEwuGiurfUULhNuVWEw%3D%3D&position=6&pageNum=0&trk=public_jobs_jserp-result_search-card
6,lupsbLXct3NHkxB9OpwJMQ==,10/18/2021,Shopee,shopeepay - business intelligence,https://vn.linkedin.com/jobs/view/shopeepay-business-intelligence-at-shopee-2754663826?refId=uPcGMrvL8yd%2F1qEhoj%2Fx3w%3D%3D&trackingId=lupsbLXct3NHkxB9OpwJMQ%3D%3D&position=7&pageNum=0&trk=public_jobs_jserp-result_search-card
7,,10/30/2021,secret,"senior manager, analytics consulting",https://vn.linkedin.com/jobs/view/senior-manager-analytics-consulting-at-secret-2779507676?refId=uPcGMrvL8yd%2F1qEhoj%2Fx3w%3D%3D&trackingId=Fkgy5S2qtTk8xq4sTTbKog%3D%3D&position=8&pageNum=0&trk=public_jobs_jserp-result_search-card
8,oQKp1TDUDj1JF+Bgdj6fYQ==,10/1/2021,Shopee,shopee c&b - reporting and analytics,https://vn.linkedin.com/jobs/view/shopee-c-b-reporting-and-analytics-at-shopee-2756443861?refId=uPcGMrvL8yd%2F1qEhoj%2Fx3w%3D%3D&trackingId=oQKp1TDUDj1JF%2BBgdj6fYQ%3D%3D&position=9&pageNum=0&trk=public_jobs_jserp-result_search-card
9,OVskacA6fBAGk1dZxHxlkg==,10/19/2021,Shopee,business intelligence analyst (based in kuala lumpur),https://vn.linkedin.com/jobs/view/business-intelligence-analyst-based-in-kuala-lumpur-at-shopee-2755941449?refId=uPcGMrvL8yd%2F1qEhoj%2Fx3w%3D%3D&trackingId=OVskacA6fBAGk1dZxHxlkg%3D%3D&position=10&pageNum=0&trk=public_jobs_jserp-result_search-card
10,O+to0upSE1/pyk/SQVLF2Q==,9/25/2021,Citi,data & analytics analyst,https://vn.linkedin.com/jobs/view/data-analytics-analyst-at-citi-2756832533?refId=uPcGMrvL8yd%2F1qEhoj%2Fx3w%3D%3D&trackingId=O%2Bto0upSE1%2Fpyk%2FSQVLF2Q%3D%3D&position=11&pageNum=0&trk=public_jobs_jserp-result_search-card
11,S0XMmXp9iIS6uK88fMpK9g==,10/7/2021,Grab,"manager, business insights & planning",https://vn.linkedin.com/jobs/view/manager-business-insights-planning-at-grab-2773770088?refId=uPcGMrvL8yd%2F1qEhoj%2Fx3w%3D%3D&trackingId=S0XMmXp9iIS6uK88fMpK9g%3D%3D&position=12&pageNum=0&trk=public_jobs_jserp-result_search-card
12,YlWdwG25G3Ns2O3C+Lzwmw==,9/19/2021,Shopee,business intelligence associate ( bd team),https://vn.linkedin.com/jobs/view/business-intelligence-associate-bd-team-at-shopee-2756433751?refId=uPcGMrvL8yd%2F1qEhoj%2Fx3w%3D%3D&trackingId=YlWdwG25G3Ns2O3C%2BLzwmw%3D%3D&position=13&pageNum=0&trk=public_jobs_jserp-result_search-card
13,ctikGeyZXcCY58RAu7bV/g==,10/3/2021,Shopee,business intelligence - mkt campaign,https://vn.linkedin.com/jobs/view/business-intelligence-mkt-campaign-at-shopee-2776056931?refId=uPcGMrvL8yd%2F1qEhoj%2Fx3w%3D%3D&trackingId=ctikGeyZXcCY58RAu7bV%2Fg%3D%3D&position=14&pageNum=0&trk=public_jobs_jserp-result_search-card
14,x5zwmdGgDRERRhW5jbD7vQ==,10/23/2021,Brainnest,business analysis internship (remote),https://vn.linkedin.com/jobs/view/business-analysis-internship-remote-at-brainnest-2771119113?refId=uPcGMrvL8yd%2F1qEhoj%2Fx3w%3D%3D&trackingId=x5zwmdGgDRERRhW5jbD7vQ%3D%3D&position=15&pageNum=0&trk=public_jobs_jserp-result_search-card
15,5SCcvYxXqnLo5RYscS1ujw==,10/24/2021,Brainnest,business analysis internship,https://vn.linkedin.com/jobs/view/business-analysis-internship-at-brainnest-2771556602?refId=uPcGMrvL8yd%2F1qEhoj%2Fx3w%3D%3D&trackingId=5SCcvYxXqnLo5RYscS1ujw%3D%3D&position=16&pageNum=0&trk=public_jobs_jserp-result_search-card
16,zAEYxcPz3NI2HmZU4Emzgw==,10/22/2021,Shopee,people team - reporting and analytics,https://vn.linkedin.com/jobs/view/people-team-reporting-and-analytics-at-shopee-2733646488?refId=uPcGMrvL8yd%2F1qEhoj%2Fx3w%3D%3D&trackingId=zAEYxcPz3NI2HmZU4Emzgw%3D%3D&position=17&pageNum=0&trk=public_jobs_jserp-result_search-card
17,FxewnnvjTFFRTEtxbJz/eQ==,10/18/2021,GSK,business intelligence manager,https://vn.linkedin.com/jobs/view/business-intelligence-manager-at-gsk-2757244055?refId=uPcGMrvL8yd%2F1qEhoj%2Fx3w%3D%3D&trackingId=FxewnnvjTFFRTEtxbJz%2FeQ%3D%3D&position=18&pageNum=0&trk=public_jobs_jserp-result_search-card
18,O1GAIkPMWKEKZXGJi5BElQ==,10/19/2021,Shopee,shopeefood - business intelligence analyst (based in kuala lumpur),https://vn.linkedin.com/jobs/view/shopeefood-business-intelligence-analyst-based-in-kuala-lumpur-at-shopee-2755941450?refId=uPcGMrvL8yd%2F1qEhoj%2Fx3w%3D%3D&trackingId=O1GAIkPMWKEKZXGJi5BElQ%3D%3D&position=19&pageNum=0&trk=public_jobs_jserp-result_search-card
19,7PPCuZplLleVH7rZvhlPig==,10/27/2021,InnomizeTech,data analyst,https://vn.linkedin.com/jobs/view/data-analyst-at-innomizetech-2768493298?refId=uPcGMrvL8yd%2F1qEhoj%2Fx3w%3D%3D&trackingId=7PPCuZplLleVH7rZvhlPig%3D%3D&position=20&pageNum=0&trk=public_jobs_jserp-result_search-card
20,PU6VTjW4P3DKA97in9ObDQ==,11/3/2021,McDonald's Vietnam,customer & business insights analyst,https://vn.linkedin.com/jobs/view/customer-business-insights-analyst-at-mcdonald-s-vietnam-2746684336?refId=uPcGMrvL8yd%2F1qEhoj%2Fx3w%3D%3D&trackingId=PU6VTjW4P3DKA97in9ObDQ%3D%3D&position=21&pageNum=0&trk=public_jobs_jserp-result_search-card
21,eSwOLRX7HgVRlYTdmafcIQ==,10/28/2021,GeoComply,junior data analyst,https://vn.linkedin.com/jobs/view/junior-data-analyst-at-geocomply-2777186985?refId=uPcGMrvL8yd%2F1qEhoj%2Fx3w%3D%3D&trackingId=eSwOLRX7HgVRlYTdmafcIQ%3D%3D&position=22&pageNum=0&trk=public_jobs_jserp-result_search-card
22,/Swq7CWReq+eWIUmdkLxqw==,11/2/2021,Intrepid Group Asia,regional bi & analytics manager,https://vn.linkedin.com/jobs/view/regional-bi-analytics-manager-at-intrepid-group-asia-2780309327?refId=uPcGMrvL8yd%2F1qEhoj%2Fx3w%3D%3D&trackingId=%2FSwq7CWReq%2BeWIUmdkLxqw%3D%3D&position=23&pageNum=0&trk=public_jobs_jserp-result_search-card
23,no+CJrHPKRGuG+liJieBgg==,11/3/2021,Kompa,social insight analyst,https://vn.linkedin.com/jobs/view/social-insight-analyst-at-kompa-2784081957?refId=uPcGMrvL8yd%2F1qEhoj%2Fx3w%3D%3D&trackingId=no%2BCJrHPKRGuG%2BliJieBgg%3D%3D&position=24&pageNum=0&trk=public_jobs_jserp-result_search-card
24,5odfuimHx9ntxbXs2CQE0Q==,10/27/2021,MoMo (M_Service),data analyst (junior/senior/lead),https://vn.linkedin.com/jobs/view/data-analyst-junior-senior-lead-at-momo-m-service-2731808057?refId=uPcGMrvL8yd%2F1qEhoj%2Fx3w%3D%3D&trackingId=5odfuimHx9ntxbXs2CQE0Q%3D%3D&position=25&pageNum=0&trk=public_jobs_jserp-result_search-card
25,8wrY3t/P2hLAL5bhzZ/mww==,10/27/2021,Vietstar Group Join Stock Company,"senior consultant, analytics",https://vn.linkedin.com/jobs/view/senior-consultant-analytics-at-vietstar-group-join-stock-company-2768864986?refId=QDjMQEHrHudCUzIm%2FJ9dHA%3D%3D&trackingId=8wrY3t%2FP2hLAL5bhzZ%2Fmww%3D%3D&position=1&pageNum=1&trk=public_jobs_jserp-result_search-card
26,,11/4/2021,Client,data engineer,https://vn.linkedin.com/jobs/view/data-engineer-at-client-2778698222?refId=QDjMQEHrHudCUzIm%2FJ9dHA%3D%3D&trackingId=fJAg9rgCqO3pz1IX1gD9Og%3D%3D&position=2&pageNum=1&trk=public_jobs_jserp-result_search-card
27,wcN9QYnd4jQUYtxMSqB60Q==,10/19/2021,Citi,data analytics manager,https://vn.linkedin.com/jobs/view/data-analytics-manager-at-citi-2756836156?refId=QDjMQEHrHudCUzIm%2FJ9dHA%3D%3D&trackingId=wcN9QYnd4jQUYtxMSqB60Q%3D%3D&position=3&pageNum=1&trk=public_jobs_jserp-result_search-card
28,Bcx08SIzpd/s3RhQBvnwvg==,10/1/2021,Grab,"assistant manager, business insights & planning",https://vn.linkedin.com/jobs/view/assistant-manager-business-insights-planning-at-grab-2734812093?refId=QDjMQEHrHudCUzIm%2FJ9dHA%3D%3D&trackingId=Bcx08SIzpd%2Fs3RhQBvnwvg%3D%3D&position=4&pageNum=1&trk=public_jobs_jserp-result_search-card
29,Zgk+153XQG07gaowpqyw7g==,11/2/2021,Joon Solutions,analytics engineer,https://vn.linkedin.com/jobs/view/analytics-engineer-at-joon-solutions-2775944170?refId=QDjMQEHrHudCUzIm%2FJ9dHA%3D%3D&trackingId=Zgk%2B153XQG07gaowpqyw7g%3D%3D&position=7&pageNum=1&trk=public_jobs_jserp-result_search-card
30,zyUF2KiQ4jKhAucbVB5l4g==,11/2/2021,Onpoint E-commerce,business analyst,https://vn.linkedin.com/jobs/view/business-analyst-at-onpoint-e-commerce-2775919262?refId=QDjMQEHrHudCUzIm%2FJ9dHA%3D%3D&trackingId=zyUF2KiQ4jKhAucbVB5l4g%3D%3D&position=9&pageNum=1&trk=public_jobs_jserp-result_search-card
31,CtQDa5+2YZvpY+KJ8XhdiA==,10/16/2021,ZaloPay,business intelligence analyst (growth & marketing),https://vn.linkedin.com/jobs/view/business-intelligence-analyst-growth-marketing-at-zalopay-2751992755?refId=QDjMQEHrHudCUzIm%2FJ9dHA%3D%3D&trackingId=CtQDa5%2B2YZvpY%2BKJ8XhdiA%3D%3D&position=10&pageNum=1&trk=public_jobs_jserp-result_search-card
32,,10/21/2021,Vnshop,business intelligence/ data analyst,https://vn.linkedin.com/jobs/view/business-intelligence-data-analyst-at-vnshop-2767619937?refId=QDjMQEHrHudCUzIm%2FJ9dHA%3D%3D&trackingId=8hPqXN34ygjOqj5QfcQepA%3D%3D&position=12&pageNum=1&trk=public_jobs_jserp-result_search-card
33,wFdyr1px9tSU1RkWmqgVZA==,10/7/2021,Grab,data processing analyst,https://vn.linkedin.com/jobs/view/data-processing-analyst-at-grab-2774549040?refId=QDjMQEHrHudCUzIm%2FJ9dHA%3D%3D&trackingId=wFdyr1px9tSU1RkWmqgVZA%3D%3D&position=13&pageNum=1&trk=public_jobs_jserp-result_search-card
34,KXFi+DvVEhjCVaOfxe4oiw==,11/2/2021,Home Credit Vietnam,senior data analyst,https://vn.linkedin.com/jobs/view/senior-data-analyst-at-home-credit-vietnam-2775254858?refId=QDjMQEHrHudCUzIm%2FJ9dHA%3D%3D&trackingId=KXFi%2BDvVEhjCVaOfxe4oiw%3D%3D&position=14&pageNum=1&trk=public_jobs_jserp-result_search-card
35,,10/1/2021,Nguyễn Kim,data analysis manager,https://vn.linkedin.com/jobs/view/data-analysis-manager-at-nguy%E1%BB%85n-kim-2773436680?refId=QDjMQEHrHudCUzIm%2FJ9dHA%3D%3D&trackingId=9D5Gr6XELl%2Ffxj9NunaL%2Fg%3D%3D&position=15&pageNum=1&trk=public_jobs_jserp-result_search-card
36,Tq7uDuG9Ma7UB3Ine1Sy+g==,10/14/2021,Mastercard,senior analyst,https://vn.linkedin.com/jobs/view/senior-analyst-at-mastercard-2756312280?refId=QDjMQEHrHudCUzIm%2FJ9dHA%3D%3D&trackingId=Tq7uDuG9Ma7UB3Ine1Sy%2Bg%3D%3D&position=16&pageNum=1&trk=public_jobs_jserp-result_search-card
37,zEzszu9NHXQ4DqztjegNlQ==,11/1/2021,Sendo.vn,finance business partner,https://vn.linkedin.com/jobs/view/finance-business-partner-at-sendo-vn-2773795054?refId=QDjMQEHrHudCUzIm%2FJ9dHA%3D%3D&trackingId=zEzszu9NHXQ4DqztjegNlQ%3D%3D&position=17&pageNum=1&trk=public_jobs_jserp-result_search-card
38,,11/1/2021,Onpoint,senior data analysts/bi,https://vn.linkedin.com/jobs/view/senior-data-analysts-bi-at-onpoint-2780938543?refId=QDjMQEHrHudCUzIm%2FJ9dHA%3D%3D&trackingId=jBblzNwbSCyhaRexpso7bg%3D%3D&position=18&pageNum=1&trk=public_jobs_jserp-result_search-card
39,PAS++q7aRYCx0rNcuMzb1A==,10/27/2021,Shopee,operational excellence associate,https://vn.linkedin.com/jobs/view/operational-excellence-associate-at-shopee-2768818451?refId=QDjMQEHrHudCUzIm%2FJ9dHA%3D%3D&trackingId=PAS%2B%2Bq7aRYCx0rNcuMzb1A%3D%3D&position=19&pageNum=1&trk=public_jobs_jserp-result_search-card
40,oKxeStnN3BSM6HH7oQMR8Q==,10/24/2021,TPBank,management information system analyst,https://vn.linkedin.com/jobs/view/management-information-system-analyst-at-tpbank-2766054058?refId=QDjMQEHrHudCUzIm%2FJ9dHA%3D%3D&trackingId=oKxeStnN3BSM6HH7oQMR8Q%3D%3D&position=24&pageNum=1&trk=public_jobs_jserp-result_search-card
41,,10/21/2021,Lazada Group,vietnam - user growth data & analytics,https://vn.linkedin.com/jobs/view/vietnam-user-growth-data-analytics-at-lazada-group-2716587295?refId=QDjMQEHrHudCUzIm%2FJ9dHA%3D%3D&trackingId=s0fJB%2FdE%2FxuKlwTcc1FfPw%3D%3D&position=25&pageNum=1&trk=public_jobs_jserp-result_search-card
42,cpp8zu6bn6/pvbtW0mjw8w==,10/21/2021,JobHopin,business analyst (business/analytics),https://vn.linkedin.com/jobs/view/business-analyst-business-analytics-at-jobhopin-2722719213?refId=m4CQcg6vuyREeeDwLUjrlA%3D%3D&trackingId=cpp8zu6bn6%2FpvbtW0mjw8w%3D%3D&position=1&pageNum=2&trk=public_jobs_jserp-result_search-card
43,,9/23/2021,Home Credit Viet Nam,business intelligence specialist,https://vn.linkedin.com/jobs/view/business-intelligence-specialist-at-home-credit-viet-nam-2763847884?refId=m4CQcg6vuyREeeDwLUjrlA%3D%3D&trackingId=VB9xy%2FtNoMI0WSAPbqQawA%3D%3D&position=2&pageNum=2&trk=public_jobs_jserp-result_search-card
44,COMs72MMsyRTmhXZbUvDjQ==,11/1/2021,Mekong One,nlp data scientist intern,https://vn.linkedin.com/jobs/view/nlp-data-scientist-intern-at-mekong-one-2781160502?refId=m4CQcg6vuyREeeDwLUjrlA%3D%3D&trackingId=COMs72MMsyRTmhXZbUvDjQ%3D%3D&position=3&pageNum=2&trk=public_jobs_jserp-result_search-card
45,,10/28/2021,.,data specialist,https://vn.linkedin.com/jobs/view/data-specialist-at--2769476568?refId=m4CQcg6vuyREeeDwLUjrlA%3D%3D&trackingId=lGAMiDS6VSMfXN%2FDXKLA9Q%3D%3D&position=5&pageNum=2&trk=public_jobs_jserp-result_search-card
46,fAqwQ8wDWBTbqhTrTqrDKw==,9/24/2021,Robert Walters,analytics director,https://vn.linkedin.com/jobs/view/analytics-director-at-robert-walters-2765939527?refId=m4CQcg6vuyREeeDwLUjrlA%3D%3D&trackingId=fAqwQ8wDWBTbqhTrTqrDKw%3D%3D&position=6&pageNum=2&trk=public_jobs_jserp-result_search-card
47,,10/2/2021,ShopeeFood,business intelligence executive,https://vn.linkedin.com/jobs/view/business-intelligence-executive-at-shopeefood-2774955560?refId=m4CQcg6vuyREeeDwLUjrlA%3D%3D&trackingId=hILIht9nxhGS%2FdDLYIoMpw%3D%3D&position=7&pageNum=2&trk=public_jobs_jserp-result_search-card
48,t5rsAVxc+1q+ynti8J4ZzQ==,10/12/2021,Intel Corporation,risk management intern (finance department),https://vn.linkedin.com/jobs/view/risk-management-intern-finance-department-at-intel-corporation-2746642991?refId=m4CQcg6vuyREeeDwLUjrlA%3D%3D&trackingId=t5rsAVxc%2B1q%2Bynti8J4ZzQ%3D%3D&position=8&pageNum=2&trk=public_jobs_jserp-result_search-card
49,pQgPu8NwNcFofH577K/QbA==,11/1/2021,WeTV SEA,"business intelligence specialist (ho chi minh city, vietnam)",https://vn.linkedin.com/jobs/view/business-intelligence-specialist-ho-chi-minh-city-vietnam-at-wetv-sea-2773792986?refId=m4CQcg6vuyREeeDwLUjrlA%3D%3D&trackingId=pQgPu8NwNcFofH577K%2FQbA%3D%3D&position=11&pageNum=2&trk=public_jobs_jserp-result_search-card
50,o8NHMdXwy69p/GiJ1wQk5A==,10/13/2021,HR1 Vietnam - Executive Search Firm,senior data analyst (level expert),https://vn.linkedin.com/jobs/view/senior-data-analyst-level-expert-at-hr1-vietnam-executive-search-firm-2748407555?refId=m4CQcg6vuyREeeDwLUjrlA%3D%3D&trackingId=o8NHMdXwy69p%2FGiJ1wQk5A%3D%3D&position=12&pageNum=2&trk=public_jobs_jserp-result_search-card
51,DMII6GNtG3sJbCJHLbW8qQ==,10/26/2021,Lazada,"senior associate, strategy & planning",https://vn.linkedin.com/jobs/view/senior-associate-strategy-planning-at-lazada-2767087017?refId=m4CQcg6vuyREeeDwLUjrlA%3D%3D&trackingId=DMII6GNtG3sJbCJHLbW8qQ%3D%3D&position=13&pageNum=2&trk=public_jobs_jserp-result_search-card
52,UfZxwwSsL8tbQDKaRH7Nnw==,10/13/2021,VEF Academy,potential data analyst candidate,https://vn.linkedin.com/jobs/view/potential-data-analyst-candidate-at-vef-academy-2733246562?refId=m4CQcg6vuyREeeDwLUjrlA%3D%3D&trackingId=UfZxwwSsL8tbQDKaRH7Nnw%3D%3D&position=14&pageNum=2&trk=public_jobs_jserp-result_search-card
53,eO7WlZZFL6DS7yfB3GoTuQ==,10/27/2021,Sonum International,junior business consultant,https://vn.linkedin.com/jobs/view/junior-business-consultant-at-sonum-international-2775579078?refId=m4CQcg6vuyREeeDwLUjrlA%3D%3D&trackingId=eO7WlZZFL6DS7yfB3GoTuQ%3D%3D&position=15&pageNum=2&trk=public_jobs_jserp-result_search-card
54,,9/6/2021,Cho Tot,business analyst intern,https://vn.linkedin.com/jobs/view/business-analyst-intern-at-cho-tot-2741669020?refId=m4CQcg6vuyREeeDwLUjrlA%3D%3D&trackingId=avyJUtCnw3s%2BTfiqnMTc2g%3D%3D&position=16&pageNum=2&trk=public_jobs_jserp-result_search-card
55,,10/30/2021,Advesa Digital Solutions,data analyst (flexible time/attractive salary),https://vn.linkedin.com/jobs/view/data-analyst-flexible-time-attractive-salary-at-advesa-digital-solutions-2779214930?refId=m4CQcg6vuyREeeDwLUjrlA%3D%3D&trackingId=Tz1u57agzxS%2FYyaFNSklcA%3D%3D&position=17&pageNum=2&trk=public_jobs_jserp-result_search-card
56,SB3srvttTljBLYkrpiGoHw==,10/23/2021,Shopee,shopeefood - budget & planning - business intelligence analyst (associate/ senior associate),https://vn.linkedin.com/jobs/view/shopeefood-budget-planning-business-intelligence-analyst-associate-senior-associate-at-shopee-2734472769?refId=m4CQcg6vuyREeeDwLUjrlA%3D%3D&trackingId=SB3srvttTljBLYkrpiGoHw%3D%3D&position=18&pageNum=2&trk=public_jobs_jserp-result_search-card
57,,10/1/2021,Mercedes-benz Vietnam Ltd.,"manager, data strategist",https://vn.linkedin.com/jobs/view/manager-data-strategist-at-mercedes-benz-vietnam-ltd-2741664106?refId=m4CQcg6vuyREeeDwLUjrlA%3D%3D&trackingId=tbh8KABVr1B%2FigiqBqQmKg%3D%3D&position=20&pageNum=2&trk=public_jobs_jserp-result_search-card
58,XTGWX5EReucTTCc5/pteKQ==,10/22/2021,Generali Vietnam Life Insurance,data management & business analytics - associate manager,https://vn.linkedin.com/jobs/view/data-management-business-analytics-associate-manager-at-generali-vietnam-life-insurance-2759587925?refId=m4CQcg6vuyREeeDwLUjrlA%3D%3D&trackingId=XTGWX5EReucTTCc5%2FpteKQ%3D%3D&position=21&pageNum=2&trk=public_jobs_jserp-result_search-card
59,U2AebuY1RxVYXTvgHFYt3g==,10/10/2021,Techcombank (TCB),senior officer/expert - business intelligence,https://vn.linkedin.com/jobs/view/senior-officer-expert-business-intelligence-at-techcombank-tcb-2743919281?refId=m4CQcg6vuyREeeDwLUjrlA%3D%3D&trackingId=U2AebuY1RxVYXTvgHFYt3g%3D%3D&position=22&pageNum=2&trk=public_jobs_jserp-result_search-card
60,k6v79MsgE4jgYK1lNJgbuA==,10/14/2021,Mirae Asset Finance Company Limited (Vietnam),risk analyst,https://vn.linkedin.com/jobs/view/risk-analyst-at-mirae-asset-finance-company-limited-vietnam-2749285295?refId=m4CQcg6vuyREeeDwLUjrlA%3D%3D&trackingId=k6v79MsgE4jgYK1lNJgbuA%3D%3D&position=24&pageNum=2&trk=public_jobs_jserp-result_search-card
61,3/F+Z/7GwHzaK5QoEW9zZQ==,10/7/2021,BIDV MetLife,"agency data analysis & reporting, assistant manager",https://vn.linkedin.com/jobs/view/agency-data-analysis-reporting-assistant-manager-at-bidv-metlife-2748000559?refId=7ygMmKb6vAOSeRlvf5g7vg%3D%3D&trackingId=3%2FF%2BZ%2F7GwHzaK5QoEW9zZQ%3D%3D&position=3&pageNum=3&trk=public_jobs_jserp-result_search-card
62,tLs/lTWgCi0QwK0jfyWnTw==,9/19/2021,Traveloka,data analyst (pay later - vietnam),https://vn.linkedin.com/jobs/view/data-analyst-pay-later-vietnam-at-traveloka-2756468900?refId=7ygMmKb6vAOSeRlvf5g7vg%3D%3D&trackingId=tLs%2FlTWgCi0QwK0jfyWnTw%3D%3D&position=5&pageNum=3&trk=public_jobs_jserp-result_search-card
63,,10/10/2021,Datvietvac Group Holdings,business intelligence analyst,https://vn.linkedin.com/jobs/view/business-intelligence-analyst-at-datvietvac-group-holdings-2751003789?refId=7ygMmKb6vAOSeRlvf5g7vg%3D%3D&trackingId=dvfEQha1CO57Mt1hsBQXDA%3D%3D&position=6&pageNum=3&trk=public_jobs_jserp-result_search-card
64,aAjzitKHr+Qpq3jdsF5oBA==,11/1/2021,Confidential,remote - data engineer,https://vn.linkedin.com/jobs/view/remote-data-engineer-at-confidential-2774515969?refId=7ygMmKb6vAOSeRlvf5g7vg%3D%3D&trackingId=aAjzitKHr%2BQpq3jdsF5oBA%3D%3D&position=7&pageNum=3&trk=public_jobs_jserp-result_search-card
65,mEyaFrNyY0hVvyKnTkKpAg==,10/7/2021,Grab,"senior manager, strategy and planning",https://vn.linkedin.com/jobs/view/senior-manager-strategy-and-planning-at-grab-2773765865?refId=7ygMmKb6vAOSeRlvf5g7vg%3D%3D&trackingId=mEyaFrNyY0hVvyKnTkKpAg%3D%3D&position=8&pageNum=3&trk=public_jobs_jserp-result_search-card
66,,11/3/2021,Movi Việt Nam,manager/head data analytics & business intelligence - credit risk management,https://vn.linkedin.com/jobs/view/manager-head-data-analytics-business-intelligence-credit-risk-management-at-movi-vi%E1%BB%87t-nam-2784098488?refId=7ygMmKb6vAOSeRlvf5g7vg%3D%3D&trackingId=P%2FgYJs2oprBJdqRRll1B%2FQ%3D%3D&position=9&pageNum=3&trk=public_jobs_jserp-result_search-card
67,RO9ISpHKWKrZ1yAw/bBsVQ==,10/4/2021,Workforce Optimizer - AI Enabled WFM,data scientist,https://vn.linkedin.com/jobs/view/data-scientist-at-workforce-optimizer-ai-enabled-wfm-2778503891?refId=7ygMmKb6vAOSeRlvf5g7vg%3D%3D&trackingId=RO9ISpHKWKrZ1yAw%2FbBsVQ%3D%3D&position=10&pageNum=3&trk=public_jobs_jserp-result_search-card
68,RgAuiPo1LGFBb53T8+yWfw==,10/19/2021,One Mount,senior business intelligence (banking/finance),https://vn.linkedin.com/jobs/view/senior-business-intelligence-banking-finance-at-one-mount-2755938749?refId=7ygMmKb6vAOSeRlvf5g7vg%3D%3D&trackingId=RgAuiPo1LGFBb53T8%2ByWfw%3D%3D&position=11&pageNum=3&trk=public_jobs_jserp-result_search-card
69,NkcL/EWbusFnby/8aSSkJQ==,10/8/2021,Grab,data processing senior analyst,https://vn.linkedin.com/jobs/view/data-processing-senior-analyst-at-grab-2775912411?refId=7ygMmKb6vAOSeRlvf5g7vg%3D%3D&trackingId=NkcL%2FEWbusFnby%2F8aSSkJQ%3D%3D&position=12&pageNum=3&trk=public_jobs_jserp-result_search-card
70,ng8o84t813u4oFo+UyI2tg==,9/20/2021,Trusting Social,product analytics associate - digital bank - fintech - hcmc,https://vn.linkedin.com/jobs/view/product-analytics-associate-digital-bank-fintech-hcmc-at-trusting-social-2716560071?refId=7ygMmKb6vAOSeRlvf5g7vg%3D%3D&trackingId=ng8o84t813u4oFo%2BUyI2tg%3D%3D&position=13&pageNum=3&trk=public_jobs_jserp-result_search-card
71,,9/6/2021,Onpoint,business intelligence analyst,https://vn.linkedin.com/jobs/view/business-intelligence-analyst-at-onpoint-2741659469?refId=7ygMmKb6vAOSeRlvf5g7vg%3D%3D&trackingId=DRVoUpfKK2XdhWw%2FqrL%2Ftw%3D%3D&position=14&pageNum=3&trk=public_jobs_jserp-result_search-card
72,,9/5/2021,Intrepid Vietnam,senior bi analyst,https://vn.linkedin.com/jobs/view/senior-bi-analyst-at-intrepid-vietnam-2739996466?refId=7ygMmKb6vAOSeRlvf5g7vg%3D%3D&trackingId=w2nYeu8%2FyZfmilB2r1Ys1g%3D%3D&position=15&pageNum=3&trk=public_jobs_jserp-result_search-card
73,jAG9c5t9JNtcIDPTBVHgDA==,10/11/2021,Grab,risk ops analyst,https://vn.linkedin.com/jobs/view/risk-ops-analyst-at-grab-2744634222?refId=7ygMmKb6vAOSeRlvf5g7vg%3D%3D&trackingId=jAG9c5t9JNtcIDPTBVHgDA%3D%3D&position=16&pageNum=3&trk=public_jobs_jserp-result_search-card
74,jYb1+3V/Z3ZLI7jkPRhPNg==,10/25/2021,Pizza Hut Digital Ventures,data scientist (open for remotely),https://vn.linkedin.com/jobs/view/data-scientist-open-for-remotely-at-pizza-hut-digital-ventures-2766702216?refId=7ygMmKb6vAOSeRlvf5g7vg%3D%3D&trackingId=jYb1%2B3V%2FZ3ZLI7jkPRhPNg%3D%3D&position=17&pageNum=3&trk=public_jobs_jserp-result_search-card
75,lDJ/ESFoATj40/xrZdZdjg==,10/28/2021,Cobblestone Energy,junior quantitative analyst,https://vn.linkedin.com/jobs/view/junior-quantitative-analyst-at-cobblestone-energy-2778806931?refId=7ygMmKb6vAOSeRlvf5g7vg%3D%3D&trackingId=lDJ%2FESFoATj40%2FxrZdZdjg%3D%3D&position=18&pageNum=3&trk=public_jobs_jserp-result_search-card
76,ehHi4dDHuweH2Guum37gPw==,10/10/2021,TIBCO,junior data science engineer,https://vn.linkedin.com/jobs/view/junior-data-science-engineer-at-tibco-2785641377?refId=7ygMmKb6vAOSeRlvf5g7vg%3D%3D&trackingId=ehHi4dDHuweH2Guum37gPw%3D%3D&position=20&pageNum=3&trk=public_jobs_jserp-result_search-card
77,YkHBSOuNO30H/cs+otdMsw==,9/16/2021,Trusting Social,risk analytics manager - fintech - hcmc,https://vn.linkedin.com/jobs/view/risk-analytics-manager-fintech-hcmc-at-trusting-social-2716570431?refId=7ygMmKb6vAOSeRlvf5g7vg%3D%3D&trackingId=YkHBSOuNO30H%2Fcs%2BotdMsw%3D%3D&position=21&pageNum=3&trk=public_jobs_jserp-result_search-card
78,,10/19/2021,Treehouse Finance,quantitative analyst,https://vn.linkedin.com/jobs/view/quantitative-analyst-at-treehouse-finance-2764883943?refId=7ygMmKb6vAOSeRlvf5g7vg%3D%3D&trackingId=ROg4U5l8UDNUgCeKoyQAGw%3D%3D&position=22&pageNum=3&trk=public_jobs_jserp-result_search-card
79,,9/29/2021,Home Credit Viet Nam,business intelligence team leader,https://vn.linkedin.com/jobs/view/business-intelligence-team-leader-at-home-credit-viet-nam-2771555390?refId=7ygMmKb6vAOSeRlvf5g7vg%3D%3D&trackingId=7YHiRAu5%2BenvajSnYyhKRw%3D%3D&position=23&pageNum=3&trk=public_jobs_jserp-result_search-card
80,nLSiEYxzf3VuBgy1ktNj3A==,10/20/2021,NielsenIQ,data processing specialist (sql),https://vn.linkedin.com/jobs/view/data-processing-specialist-sql-at-nielseniq-2757406104?refId=7ygMmKb6vAOSeRlvf5g7vg%3D%3D&trackingId=nLSiEYxzf3VuBgy1ktNj3A%3D%3D&position=24&pageNum=3&trk=public_jobs_jserp-result_search-card
81,1MrupfIGArQKT7YrIjBXBg==,10/21/2021,Coca-Cola Beverages Vietnam,hr specialist - people analytics,https://vn.linkedin.com/jobs/view/hr-specialist-people-analytics-at-coca-cola-beverages-vietnam-2758116520?refId=4oYIL2P5t%2Fi1dQzhIo62QA%3D%3D&trackingId=1MrupfIGArQKT7YrIjBXBg%3D%3D&position=1&pageNum=4&trk=public_jobs_jserp-result_search-card
82,NU2Pxww3KP1uvg3hD/Whuw==,10/1/2021,Adecco,data analytics & insights senior specialist (urg),https://vn.linkedin.com/jobs/view/data-analytics-insights-senior-specialist-urg-at-adecco-2774477669?refId=4oYIL2P5t%2Fi1dQzhIo62QA%3D%3D&trackingId=NU2Pxww3KP1uvg3hD%2FWhuw%3D%3D&position=2&pageNum=4&trk=public_jobs_jserp-result_search-card
83,g6TQYHqlrU9BEDhIO+czfw==,10/15/2021,Shopee,spx - finance analyst,https://vn.linkedin.com/jobs/view/spx-finance-analyst-at-shopee-2762544909?refId=4oYIL2P5t%2Fi1dQzhIo62QA%3D%3D&trackingId=g6TQYHqlrU9BEDhIO%2Bczfw%3D%3D&position=3&pageNum=4&trk=public_jobs_jserp-result_search-card
84,APjdYgB0hTmIDt6sb81uBQ==,11/3/2021,Shopee,campaign analyst – marketing projects,https://vn.linkedin.com/jobs/view/campaign-analyst-%E2%80%93-marketing-projects-at-shopee-2698733952?refId=4oYIL2P5t%2Fi1dQzhIo62QA%3D%3D&trackingId=APjdYgB0hTmIDt6sb81uBQ%3D%3D&position=4&pageNum=4&trk=public_jobs_jserp-result_search-card
85,41K9y7fdnNF6H9eZRNmyrQ==,10/4/2021,TIKI Corporation,(senior) data analyst - commercial,https://vn.linkedin.com/jobs/view/senior-data-analyst-commercial-at-tiki-corporation-2778973548?refId=4oYIL2P5t%2Fi1dQzhIo62QA%3D%3D&trackingId=41K9y7fdnNF6H9eZRNmyrQ%3D%3D&position=6&pageNum=4&trk=public_jobs_jserp-result_search-card
86,IRh5Sqtdc5jW8khjwI6IRQ==,10/28/2021,Edso Labs - Enterprise Digitalization Solution Labs,data analyst (senior/lead),https://vn.linkedin.com/jobs/view/data-analyst-senior-lead-at-edso-labs-enterprise-digitalization-solution-labs-2673975392?refId=4oYIL2P5t%2Fi1dQzhIo62QA%3D%3D&trackingId=IRh5Sqtdc5jW8khjwI6IRQ%3D%3D&position=7&pageNum=4&trk=public_jobs_jserp-result_search-card
87,RBwEIszL7/mKxqUvITog7g==,10/17/2021,McKinsey & Company,business analyst (open for ho chi minh city based),https://vn.linkedin.com/jobs/view/business-analyst-open-for-ho-chi-minh-city-based-at-mckinsey-company-2679901828?refId=4oYIL2P5t%2Fi1dQzhIo62QA%3D%3D&trackingId=RBwEIszL7%2FmKxqUvITog7g%3D%3D&position=8&pageNum=4&trk=public_jobs_jserp-result_search-card
88,Gnjc29TyiSNAh4DtA0XfXg==,10/27/2021,Zenyum,crm & data analyst,https://vn.linkedin.com/jobs/view/crm-data-analyst-at-zenyum-2775193896?refId=4oYIL2P5t%2Fi1dQzhIo62QA%3D%3D&trackingId=Gnjc29TyiSNAh4DtA0XfXg%3D%3D&position=11&pageNum=4&trk=public_jobs_jserp-result_search-card
89,lq8lsaId//KG5sZSIS6ylA==,10/23/2021,NielsenIQ,data science executive,https://vn.linkedin.com/jobs/view/data-science-executive-at-nielseniq-2710365453?refId=4oYIL2P5t%2Fi1dQzhIo62QA%3D%3D&trackingId=lq8lsaId%2F%2FKG5sZSIS6ylA%3D%3D&position=12&pageNum=4&trk=public_jobs_jserp-result_search-card
90,J4K7FxA1Qt6neZ7UtM2Eow==,11/4/2021,Pierre Fabre Group,sales force effectiveness manager,https://vn.linkedin.com/jobs/view/sales-force-effectiveness-manager-at-pierre-fabre-group-2785552305?refId=4oYIL2P5t%2Fi1dQzhIo62QA%3D%3D&trackingId=J4K7FxA1Qt6neZ7UtM2Eow%3D%3D&position=15&pageNum=4&trk=public_jobs_jserp-result_search-card
91,auV5AI+uq00ApKNiOG2hDg==,10/20/2021,Gojek,merchant data analyst (business intelligence analyst),https://vn.linkedin.com/jobs/view/merchant-data-analyst-business-intelligence-analyst-at-gojek-2756897051?refId=4oYIL2P5t%2Fi1dQzhIo62QA%3D%3D&trackingId=auV5AI%2Buq00ApKNiOG2hDg%3D%3D&position=16&pageNum=4&trk=public_jobs_jserp-result_search-card
92,mLdXOF6T1MieFxfrsiD/Xg==,10/29/2021,Rockwell Automation,"analyst, business operations",https://vn.linkedin.com/jobs/view/analyst-business-operations-at-rockwell-automation-2778556445?refId=4oYIL2P5t%2Fi1dQzhIo62QA%3D%3D&trackingId=mLdXOF6T1MieFxfrsiD%2FXg%3D%3D&position=17&pageNum=4&trk=public_jobs_jserp-result_search-card
93,,9/15/2021,Công Ty Tnhh Senspark,data analyst,https://vn.linkedin.com/jobs/view/data-analyst-at-c%C3%B4ng-ty-tnhh-senspark-2750897597?refId=4oYIL2P5t%2Fi1dQzhIo62QA%3D%3D&trackingId=NQn25L82OaYT3Go8JSl%2BBw%3D%3D&position=18&pageNum=4&trk=public_jobs_jserp-result_search-card
94,V2YZ35oqINkto+Ucb7tJAg==,11/4/2021,OpenCommerce Group,senior data warehouse consultant,https://vn.linkedin.com/jobs/view/senior-data-warehouse-consultant-at-opencommerce-group-2779426171?refId=4oYIL2P5t%2Fi1dQzhIo62QA%3D%3D&trackingId=V2YZ35oqINkto%2BUcb7tJAg%3D%3D&position=19&pageNum=4&trk=public_jobs_jserp-result_search-card
95,WWNzPkohSpk3QpKCVObSvw==,10/28/2021,Shopee,shopeepay - pmo credit services,https://vn.linkedin.com/jobs/view/shopeepay-pmo-credit-services-at-shopee-2769755461?refId=4oYIL2P5t%2Fi1dQzhIo62QA%3D%3D&trackingId=WWNzPkohSpk3QpKCVObSvw%3D%3D&position=20&pageNum=4&trk=public_jobs_jserp-result_search-card
96,j3RK5VUliNOPPOj1Pkghpg==,9/24/2021,Robert Walters,lead business strategic analytics,https://vn.linkedin.com/jobs/view/lead-business-strategic-analytics-at-robert-walters-2765945050?refId=4oYIL2P5t%2Fi1dQzhIo62QA%3D%3D&trackingId=j3RK5VUliNOPPOj1Pkghpg%3D%3D&position=23&pageNum=4&trk=public_jobs_jserp-result_search-card
97,LM4QTdA8vme3a5dRjtKllA==,10/13/2021,Homebase (YC W'21),business operations analyst/associate,https://vn.linkedin.com/jobs/view/business-operations-analyst-associate-at-homebase-yc-w-21-2755054676?refId=4oYIL2P5t%2Fi1dQzhIo62QA%3D%3D&trackingId=LM4QTdA8vme3a5dRjtKllA%3D%3D&position=24&pageNum=4&trk=public_jobs_jserp-result_search-card
98,9b64dliio0VlrvM6ZKUiNg==,10/25/2021,Water and Energy for Food Grand Challenge,end-user financing associate,https://vn.linkedin.com/jobs/view/end-user-financing-associate-at-water-and-energy-for-food-grand-challenge-2772525598?refId=4oYIL2P5t%2Fi1dQzhIo62QA%3D%3D&trackingId=9b64dliio0VlrvM6ZKUiNg%3D%3D&position=25&pageNum=4&trk=public_jobs_jserp-result_search-card
99,jWAC6azwYB9Mc+6EibIf9w==,11/4/2021,Galaxy Play,senior data scientist,https://vn.linkedin.com/jobs/view/senior-data-scientist-at-galaxy-play-2778644720?refId=GkBdS%2BZm28hGTDo43d2%2Bow%3D%3D&trackingId=jWAC6azwYB9Mc%2B6EibIf9w%3D%3D&position=6&pageNum=1&trk=public_jobs_jserp-result_search-card
100,EUemy0u5iCOKwvjsfJ2AJw==,10/22/2021,Nestlé,corporate head of digital transformation,https://vn.linkedin.com/jobs/view/corporate-head-of-digital-transformation-at-nestl%C3%A9-2769842355?refId=PQnXCgOkhH69MExFamgPEg%3D%3D&trackingId=EUemy0u5iCOKwvjsfJ2AJw%3D%3D&position=9&pageNum=0&trk=public_jobs_jserp-result_search-card
101,EwpU1KHPqDgGZFVesZkOBA==,11/1/2021,Wonder,python developer,https://vn.linkedin.com/jobs/view/python-developer-at-wonder-2781363561?refId=PQnXCgOkhH69MExFamgPEg%3D%3D&trackingId=EwpU1KHPqDgGZFVesZkOBA%3D%3D&position=15&pageNum=0&trk=public_jobs_jserp-result_search-card
102,in8rH934YJZkQIW9m0cvkA==,9/19/2021,Shopee,data analyst (customer service),https://vn.linkedin.com/jobs/view/data-analyst-customer-service-at-shopee-2756436719?refId=PQnXCgOkhH69MExFamgPEg%3D%3D&trackingId=in8rH934YJZkQIW9m0cvkA%3D%3D&position=22&pageNum=0&trk=public_jobs_jserp-result_search-card
103,,10/29/2021,Finan,intern data analyst,https://vn.linkedin.com/jobs/view/intern-data-analyst-at-finan-2778042718?refId=KOLTySsTIM2%2Fpwqtc9X6AA%3D%3D&trackingId=J6hpGFZS%2BaxQ0P%2Fjhlx7VA%3D%3D&position=1&pageNum=1&trk=public_jobs_jserp-result_search-card
104,gOOLNlH17JARBu3AdnL+Ow==,10/31/2021,Parcel Perform,master data in vietnam,https://vn.linkedin.com/jobs/view/master-data-in-vietnam-at-parcel-perform-2780560056?refId=KOLTySsTIM2%2Fpwqtc9X6AA%3D%3D&trackingId=gOOLNlH17JARBu3AdnL%2BOw%3D%3D&position=6&pageNum=1&trk=public_jobs_jserp-result_search-card
105,yL2VVQM3j/fzeAHY5SU4yw==,10/12/2021,AIA Vietnam,data scientist (algorithm),https://vn.linkedin.com/jobs/view/data-scientist-algorithm-at-aia-vietnam-2680639656?refId=KOLTySsTIM2%2Fpwqtc9X6AA%3D%3D&trackingId=yL2VVQM3j%2FfzeAHY5SU4yw%3D%3D&position=9&pageNum=1&trk=public_jobs_jserp-result_search-card
106,2UnwhvLAonKH9fYPiWuBNA==,10/11/2021,Rakuna,ai engineer intern,https://vn.linkedin.com/jobs/view/ai-engineer-intern-at-rakuna-2752230475?refId=KOLTySsTIM2%2Fpwqtc9X6AA%3D%3D&trackingId=2UnwhvLAonKH9fYPiWuBNA%3D%3D&position=14&pageNum=1&trk=public_jobs_jserp-result_search-card
107,,10/20/2021,Love,data engineer (remote),https://vn.linkedin.com/jobs/view/data-engineer-remote-at-love-2771690078?refId=KOLTySsTIM2%2Fpwqtc9X6AA%3D%3D&trackingId=SyFLt9NQz7jS5xGp8gV4rA%3D%3D&position=15&pageNum=1&trk=public_jobs_jserp-result_search-card
108,hWOmoz1encEPjlJYmNxR7g==,10/13/2021,TrueMoney Vietnam,business intelligence intern,https://vn.linkedin.com/jobs/view/business-intelligence-intern-at-truemoney-vietnam-2748491251?refId=KOLTySsTIM2%2Fpwqtc9X6AA%3D%3D&trackingId=hWOmoz1encEPjlJYmNxR7g%3D%3D&position=16&pageNum=1&trk=public_jobs_jserp-result_search-card
109,DWS+9+29/ojE2UzK/1Alvg==,9/12/2021,TIKI Corporation,(expert/ senior) data scientist,https://vn.linkedin.com/jobs/view/expert-senior-data-scientist-at-tiki-corporation-2747063435?refId=KOLTySsTIM2%2Fpwqtc9X6AA%3D%3D&trackingId=DWS%2B9%2B29%2FojE2UzK%2F1Alvg%3D%3D&position=21&pageNum=1&trk=public_jobs_jserp-result_search-card
110,QKmnXBp4soBlu93VXaTv5w==,10/11/2021,Rakuna,machine learning intern,https://vn.linkedin.com/jobs/view/machine-learning-intern-at-rakuna-2752231107?refId=WbdKumCFoE2HgjnT1Z7XNA%3D%3D&trackingId=QKmnXBp4soBlu93VXaTv5w%3D%3D&position=1&pageNum=2&trk=public_jobs_jserp-result_search-card
111,R1+kiCO2H7VpICFVPHNgCQ==,10/11/2021,Netcompany,talented it graduates/freshers,https://vn.linkedin.com/jobs/view/talented-it-graduates-freshers-at-netcompany-2752247610?refId=WbdKumCFoE2HgjnT1Z7XNA%3D%3D&trackingId=R1%2BkiCO2H7VpICFVPHNgCQ%3D%3D&position=3&pageNum=2&trk=public_jobs_jserp-result_search-card
112,,10/5/2021,Savills Vietnam Co. Ltd,data analyst intern,https://vn.linkedin.com/jobs/view/data-analyst-intern-at-savills-vietnam-co-ltd-2779223153?refId=WbdKumCFoE2HgjnT1Z7XNA%3D%3D&trackingId=zW%2FcCyraWV1r%2FXwOd71W5w%3D%3D&position=6&pageNum=2&trk=public_jobs_jserp-result_search-card
113,gxykQZu/TjX/0usq2WHuHA==,9/17/2021,Admicro,data analyst (fresher),https://vn.linkedin.com/jobs/view/data-analyst-fresher-at-admicro-2752646747?refId=WbdKumCFoE2HgjnT1Z7XNA%3D%3D&trackingId=gxykQZu%2FTjX%2F0usq2WHuHA%3D%3D&position=9&pageNum=2&trk=public_jobs_jserp-result_search-card
114,DngoA2KTE93+p2GZAE+6BQ==,11/1/2021,EcoTruck - Ecosystem for Trucking,"data engineer (database, python, mysql)",https://vn.linkedin.com/jobs/view/data-engineer-database-python-mysql-at-ecotruck-ecosystem-for-trucking-2781159729?refId=WbdKumCFoE2HgjnT1Z7XNA%3D%3D&trackingId=DngoA2KTE93%2Bp2GZAE%2B6BQ%3D%3D&position=11&pageNum=2&trk=public_jobs_jserp-result_search-card
115,,10/17/2021,Prudential,senior data,https://vn.linkedin.com/jobs/view/senior-data-at-prudential-2763424752?refId=WbdKumCFoE2HgjnT1Z7XNA%3D%3D&trackingId=9GEKNIWMawDC5iXXurxzhA%3D%3D&position=12&pageNum=2&trk=public_jobs_jserp-result_search-card
116,+oeQvdqCIqZe+MHTNH9jhg==,10/8/2021,One Mount,data scientist (hn/hcm based),https://vn.linkedin.com/jobs/view/data-scientist-hn-hcm-based-at-one-mount-2741599025?refId=WbdKumCFoE2HgjnT1Z7XNA%3D%3D&trackingId=%2BoeQvdqCIqZe%2BMHTNH9jhg%3D%3D&position=14&pageNum=2&trk=public_jobs_jserp-result_search-card
117,qIFKFoeRti3Yf+utp8m8PA==,10/22/2021,MonetizeMore,remote data scientist,https://vn.linkedin.com/jobs/view/remote-data-scientist-at-monetizemore-2769078575?refId=WbdKumCFoE2HgjnT1Z7XNA%3D%3D&trackingId=qIFKFoeRti3Yf%2Butp8m8PA%3D%3D&position=16&pageNum=2&trk=public_jobs_jserp-result_search-card
118,cTnGd1MIPDuglcDGzcET4g==,10/14/2021,Techcombank (TCB),head of data platform management (0421),https://vn.linkedin.com/jobs/view/head-of-data-platform-management-0421-at-techcombank-tcb-2699220655?refId=WbdKumCFoE2HgjnT1Z7XNA%3D%3D&trackingId=cTnGd1MIPDuglcDGzcET4g%3D%3D&position=17&pageNum=2&trk=public_jobs_jserp-result_search-card
119,,10/13/2021,Fado.vn,data science intern,https://vn.linkedin.com/jobs/view/data-science-intern-at-fado-vn-2754147431?refId=WbdKumCFoE2HgjnT1Z7XNA%3D%3D&trackingId=YdDptwyPgOpCNSLKb2syjg%3D%3D&position=18&pageNum=2&trk=public_jobs_jserp-result_search-card
120,T3sUOiHmIRNYjC+ohDIQEA==,10/28/2021,Orient Software Development Corp.,machine learning engineer,https://vn.linkedin.com/jobs/view/machine-learning-engineer-at-orient-software-development-corp-2776791751?refId=WbdKumCFoE2HgjnT1Z7XNA%3D%3D&trackingId=T3sUOiHmIRNYjC%2BohDIQEA%3D%3D&position=20&pageNum=2&trk=public_jobs_jserp-result_search-card
121,,10/31/2021,KMS Solutions,"data engineer intern, kms solutions",https://vn.linkedin.com/jobs/view/data-engineer-intern-kms-solutions-at-kms-solutions-2780428892?refId=WbdKumCFoE2HgjnT1Z7XNA%3D%3D&trackingId=MtiTOoNDDY5919g2XXluwA%3D%3D&position=21&pageNum=2&trk=public_jobs_jserp-result_search-card
122,,10/23/2021,Singalarity,data operations (fresher/junior),https://vn.linkedin.com/jobs/view/data-operations-fresher-junior-at-singalarity-2770303909?refId=WbdKumCFoE2HgjnT1Z7XNA%3D%3D&trackingId=AKeGFLxZPp2jq%2FFpxj%2BQFQ%3D%3D&position=23&pageNum=2&trk=public_jobs_jserp-result_search-card
123,J38IppJEzXmZqJq4fulv7Q==,10/28/2021,Gojek,research lead,https://vn.linkedin.com/jobs/view/research-lead-at-gojek-2714549316?refId=wt7DcJYa0N9gFu67C48WdA%3D%3D&trackingId=J38IppJEzXmZqJq4fulv7Q%3D%3D&position=1&pageNum=3&trk=public_jobs_jserp-result_search-card
124,Aac1RwdFfWsRkuPi4FMQ0g==,10/14/2021,HTI Group,artificial intelligence engineer,https://vn.linkedin.com/jobs/view/artificial-intelligence-engineer-at-hti-group-2750164868?refId=wt7DcJYa0N9gFu67C48WdA%3D%3D&trackingId=Aac1RwdFfWsRkuPi4FMQ0g%3D%3D&position=5&pageNum=3&trk=public_jobs_jserp-result_search-card
125,EgPZcRnnI81JLk+MEixMUQ==,10/7/2021,CIBC,business systems analyst,https://vn.linkedin.com/jobs/view/business-systems-analyst-at-cibc-2748231789?refId=wt7DcJYa0N9gFu67C48WdA%3D%3D&trackingId=EgPZcRnnI81JLk%2BMEixMUQ%3D%3D&position=9&pageNum=3&trk=public_jobs_jserp-result_search-card
126,cxP2z3DZMmBh42djrORWwg==,10/21/2021,Techcombank (TCB),senior/ data architect,https://vn.linkedin.com/jobs/view/senior-data-architect-at-techcombank-tcb-2758179004?refId=wt7DcJYa0N9gFu67C48WdA%3D%3D&trackingId=cxP2z3DZMmBh42djrORWwg%3D%3D&position=10&pageNum=3&trk=public_jobs_jserp-result_search-card
127,3GdJiFxXzpsJUQCqWSIINQ==,11/1/2021,Microsoft,azure specialist - data/ai,https://vn.linkedin.com/jobs/view/azure-specialist-data-ai-at-microsoft-2779364650?refId=wt7DcJYa0N9gFu67C48WdA%3D%3D&trackingId=3GdJiFxXzpsJUQCqWSIINQ%3D%3D&position=14&pageNum=3&trk=public_jobs_jserp-result_search-card
128,NYTee6WayarXl2zv2b+iDg==,10/6/2021,EasySalon,chief technology officer,https://vn.linkedin.com/jobs/view/chief-technology-officer-at-easysalon-2738908187?refId=wt7DcJYa0N9gFu67C48WdA%3D%3D&trackingId=NYTee6WayarXl2zv2b%2BiDg%3D%3D&position=17&pageNum=3&trk=public_jobs_jserp-result_search-card
129,iX9OISkDqopUmtI9CpLcHA==,10/28/2021,Techcombank (TCB),"senior manager, data modelling",https://vn.linkedin.com/jobs/view/senior-manager-data-modelling-at-techcombank-tcb-2715529383?refId=wt7DcJYa0N9gFu67C48WdA%3D%3D&trackingId=iX9OISkDqopUmtI9CpLcHA%3D%3D&position=20&pageNum=3&trk=public_jobs_jserp-result_search-card
130,,9/20/2021,F88,data analyst,https://vn.linkedin.com/jobs/view/data-analyst-at-f88-2756595004?refId=wt7DcJYa0N9gFu67C48WdA%3D%3D&trackingId=pz3oHUCyyF1QxHQd%2Bio8zw%3D%3D&position=21&pageNum=3&trk=public_jobs_jserp-result_search-card
131,wyIVhSymMxjmICJQDs1SoQ==,10/21/2021,"EWAY.,JSC",ai engineer,https://vn.linkedin.com/jobs/view/ai-engineer-at-eway-jsc-2756290728?refId=wt7DcJYa0N9gFu67C48WdA%3D%3D&trackingId=wyIVhSymMxjmICJQDs1SoQ%3D%3D&position=24&pageNum=3&trk=public_jobs_jserp-result_search-card
132,emd8cCXc76eZIOvlT6r9eA==,10/12/2021,McDonald's Vietnam,customer & business insights analyst (quantitative),https://vn.linkedin.com/jobs/view/customer-business-insights-analyst-quantitative-at-mcdonald-s-vietnam-2746684336?refId=wt7DcJYa0N9gFu67C48WdA%3D%3D&trackingId=emd8cCXc76eZIOvlT6r9eA%3D%3D&position=25&pageNum=3&trk=public_jobs_jserp-result_search-card
133,8TfA2qUSRbiOjEMGEQWCNw==,9/1/2021,Parcel Perform,master data analyst,https://vn.linkedin.com/jobs/view/master-data-analyst-at-parcel-perform-2698750912?refId=cDiPiTm6lRP5N5fbA8ayLA%3D%3D&trackingId=8TfA2qUSRbiOjEMGEQWCNw%3D%3D&position=2&pageNum=4&trk=public_jobs_jserp-result_search-card
134,KwJuvSSkCw+rgS4c/E/SWA==,9/10/2021,TIKI Corporation,software engineer/ml/data scientist (search platform),https://vn.linkedin.com/jobs/view/software-engineer-ml-data-scientist-search-platform-at-tiki-corporation-2745995416?refId=cDiPiTm6lRP5N5fbA8ayLA%3D%3D&trackingId=KwJuvSSkCw%2BrgS4c%2FE%2FSWA%3D%3D&position=3&pageNum=4&trk=public_jobs_jserp-result_search-card
135,eyB12hxmLPBWryJ3mbACFg==,10/27/2021,Discova,data modeler,https://vn.linkedin.com/jobs/view/data-modeler-at-discova-2768802503?refId=cDiPiTm6lRP5N5fbA8ayLA%3D%3D&trackingId=eyB12hxmLPBWryJ3mbACFg%3D%3D&position=4&pageNum=4&trk=public_jobs_jserp-result_search-card
136,F7CeVSNWCLzoz+vPZ7/tkw==,10/28/2021,Gojek,researcher,https://vn.linkedin.com/jobs/view/researcher-at-gojek-2714545815?refId=cDiPiTm6lRP5N5fbA8ayLA%3D%3D&trackingId=F7CeVSNWCLzoz%2BvPZ7%2Ftkw%3D%3D&position=5&pageNum=4&trk=public_jobs_jserp-result_search-card
137,n7s5oTu8aVGj6mbGbqsSdw==,10/28/2021,Deloitte,consulting internship program - vn,https://vn.linkedin.com/jobs/view/consulting-internship-program-vn-at-deloitte-2770484618?refId=cDiPiTm6lRP5N5fbA8ayLA%3D%3D&trackingId=n7s5oTu8aVGj6mbGbqsSdw%3D%3D&position=6&pageNum=4&trk=public_jobs_jserp-result_search-card
138,eUOkUegSSRAPhyHNAhdoOA==,10/24/2021,Deloitte,consultant / senior consultant - artificial intelligence & data - vn,https://vn.linkedin.com/jobs/view/consultant-senior-consultant-artificial-intelligence-data-vn-at-deloitte-2710369737?refId=cDiPiTm6lRP5N5fbA8ayLA%3D%3D&trackingId=eUOkUegSSRAPhyHNAhdoOA%3D%3D&position=7&pageNum=4&trk=public_jobs_jserp-result_search-card
139,,9/21/2021,Shopee,chuyên viên phân tích kinh doanh,https://vn.linkedin.com/jobs/view/chuy%C3%AAn-vi%C3%AAn-ph%C3%A2n-t%C3%ADch-kinh-doanh-at-shopee-2762689293?refId=cDiPiTm6lRP5N5fbA8ayLA%3D%3D&trackingId=eOxFaAj4z6cPqGgRU4NLBw%3D%3D&position=10&pageNum=4&trk=public_jobs_jserp-result_search-card
140,i1KhY3Rvm15p1ARobWn/Iw==,10/13/2021,Shopee,operations - project management,https://vn.linkedin.com/jobs/view/operations-project-management-at-shopee-2698740224?refId=cDiPiTm6lRP5N5fbA8ayLA%3D%3D&trackingId=i1KhY3Rvm15p1ARobWn%2FIw%3D%3D&position=11&pageNum=4&trk=public_jobs_jserp-result_search-card
141,vaxNJhbvd7yi2VqnBAyKaw==,10/22/2021,Deloitte,consulting analyst - vn,https://vn.linkedin.com/jobs/view/consulting-analyst-vn-at-deloitte-2708687683?refId=cDiPiTm6lRP5N5fbA8ayLA%3D%3D&trackingId=vaxNJhbvd7yi2VqnBAyKaw%3D%3D&position=12&pageNum=4&trk=public_jobs_jserp-result_search-card
142,5b+U4sMduUbA5lGXjNVb7A==,10/11/2021,AhaMove,[hn] strategic data analyst,https://vn.linkedin.com/jobs/view/hn-strategic-data-analyst-at-ahamove-2752065611?refId=cDiPiTm6lRP5N5fbA8ayLA%3D%3D&trackingId=5b%2BU4sMduUbA5lGXjNVb7A%3D%3D&position=13&pageNum=4&trk=public_jobs_jserp-result_search-card
143,In+nzAhM5/IgJjxjE5pqtQ==,10/21/2021,JAC Group,data scientist (analysis),https://vn.linkedin.com/jobs/view/data-scientist-analysis-at-jac-group-2768093444?refId=cDiPiTm6lRP5N5fbA8ayLA%3D%3D&trackingId=In%2BnzAhM5%2FIgJjxjE5pqtQ%3D%3D&position=16&pageNum=4&trk=public_jobs_jserp-result_search-card
144,ZAZaxyOCS3gnBcP/aI9LWQ==,10/6/2021,Shopee,digital performance - pmo,https://vn.linkedin.com/jobs/view/digital-performance-pmo-at-shopee-2780596143?refId=cDiPiTm6lRP5N5fbA8ayLA%3D%3D&trackingId=ZAZaxyOCS3gnBcP%2FaI9LWQ%3D%3D&position=18&pageNum=4&trk=public_jobs_jserp-result_search-card
145,Kfkvj5EbU1f2c1SyZKiVhw==,10/18/2021,ELCA Vietnam,fresher,https://vn.linkedin.com/jobs/view/fresher-at-elca-vietnam-2756953816?refId=TOmrE4GkeTfJtkHfaQOVFg%3D%3D&trackingId=Kfkvj5EbU1f2c1SyZKiVhw%3D%3D&position=1&pageNum=5&trk=public_jobs_jserp-result_search-card
146,,10/10/2021,Fortna,data manager,https://vn.linkedin.com/jobs/view/data-manager-at-fortna-2751011107?refId=TOmrE4GkeTfJtkHfaQOVFg%3D%3D&trackingId=WoM16VTiXD4s4yE71MgNEQ%3D%3D&position=4&pageNum=5&trk=public_jobs_jserp-result_search-card
147,01umJG8zBo94e4HEWWl1cw==,10/14/2021,Shopee,shopee express - business expansion,https://vn.linkedin.com/jobs/view/shopee-express-business-expansion-at-shopee-2698734764?refId=TOmrE4GkeTfJtkHfaQOVFg%3D%3D&trackingId=01umJG8zBo94e4HEWWl1cw%3D%3D&position=5&pageNum=5&trk=public_jobs_jserp-result_search-card
148,,9/17/2021,Grab Vietnam,data processing team leader,https://vn.linkedin.com/jobs/view/data-processing-team-leader-at-grab-vietnam-2752618177?refId=TOmrE4GkeTfJtkHfaQOVFg%3D%3D&trackingId=mIHIFoFdhZdFLzAL5iUqyw%3D%3D&position=6&pageNum=5&trk=public_jobs_jserp-result_search-card
149,,10/1/2021,ShopeeFood,project data analyst,https://vn.linkedin.com/jobs/view/project-data-analyst-at-shopeefood-2773461264?refId=TOmrE4GkeTfJtkHfaQOVFg%3D%3D&trackingId=cEZ%2FxEvl3Z8r6r1aek8ALg%3D%3D&position=11&pageNum=5&trk=public_jobs_jserp-result_search-card
150,cOSRdXwkUuvJte+Idel8EQ==,10/3/2021,GeoGuard,business data analyst,https://vn.linkedin.com/jobs/view/business-data-analyst-at-geoguard-2777191053?refId=TOmrE4GkeTfJtkHfaQOVFg%3D%3D&trackingId=cOSRdXwkUuvJte%2BIdel8EQ%3D%3D&position=12&pageNum=5&trk=public_jobs_jserp-result_search-card
151,wbAhCoyjANQC4QTAlcLLUQ==,10/23/2021,Amanotes,data analyst - strategic projects (based in hcmc),https://vn.linkedin.com/jobs/view/data-analyst-strategic-projects-based-in-hcmc-at-amanotes-2771307704?refId=TOmrE4GkeTfJtkHfaQOVFg%3D%3D&trackingId=wbAhCoyjANQC4QTAlcLLUQ%3D%3D&position=13&pageNum=5&trk=public_jobs_jserp-result_search-card
152,,10/10/2021,Datvietvac Group Holdings,data analysis và bi reporting,https://vn.linkedin.com/jobs/view/data-analysis-v%C3%A0-bi-reporting-at-datvietvac-group-holdings-2751007017?refId=TOmrE4GkeTfJtkHfaQOVFg%3D%3D&trackingId=MzjhYhdzs9a%2Fwu0VS%2BSCww%3D%3D&position=14&pageNum=5&trk=public_jobs_jserp-result_search-card
153,U/UfTcWjyL5TpdYYialh0Q==,9/19/2021,Shopee,spx - business expansion,https://vn.linkedin.com/jobs/view/spx-business-expansion-at-shopee-2756451942?refId=TOmrE4GkeTfJtkHfaQOVFg%3D%3D&trackingId=U%2FUfTcWjyL5TpdYYialh0Q%3D%3D&position=15&pageNum=5&trk=public_jobs_jserp-result_search-card
154,feirprDH0lCV6LFXV2uttg==,9/19/2021,Shopee,performance management lead,https://vn.linkedin.com/jobs/view/performance-management-lead-at-shopee-2756455619?refId=TOmrE4GkeTfJtkHfaQOVFg%3D%3D&trackingId=feirprDH0lCV6LFXV2uttg%3D%3D&position=16&pageNum=5&trk=public_jobs_jserp-result_search-card
155,WgfKhZsvVHqpUeVZGRIaYQ==,10/8/2021,Grab,"associate, business performance management",https://vn.linkedin.com/jobs/view/associate-business-performance-management-at-grab-2743100552?refId=TOmrE4GkeTfJtkHfaQOVFg%3D%3D&trackingId=WgfKhZsvVHqpUeVZGRIaYQ%3D%3D&position=17&pageNum=5&trk=public_jobs_jserp-result_search-card
156,,9/22/2021,Deliveree Vietnam,data engineer (junior - middle),https://vn.linkedin.com/jobs/view/data-engineer-junior-middle-at-deliveree-vietnam-2763426960?refId=TOmrE4GkeTfJtkHfaQOVFg%3D%3D&trackingId=WUUGZElQxUXat1gxcW5tXA%3D%3D&position=19&pageNum=5&trk=public_jobs_jserp-result_search-card
157,RYQ/OY2niV96tsrzg8daLw==,10/6/2021,Shopee,fraud associate,https://vn.linkedin.com/jobs/view/fraud-associate-at-shopee-2780592758?refId=TOmrE4GkeTfJtkHfaQOVFg%3D%3D&trackingId=RYQ%2FOY2niV96tsrzg8daLw%3D%3D&position=21&pageNum=5&trk=public_jobs_jserp-result_search-card
158,CRYCsug0L3fqZ6SkgfRPvw==,9/19/2021,Shopee,campaign - research team lead,https://vn.linkedin.com/jobs/view/campaign-research-team-lead-at-shopee-2756437283?refId=TOmrE4GkeTfJtkHfaQOVFg%3D%3D&trackingId=CRYCsug0L3fqZ6SkgfRPvw%3D%3D&position=22&pageNum=5&trk=public_jobs_jserp-result_search-card
159,YaGgeL+d6Sew2xmT25hUoQ==,9/18/2021,TIKI Corporation,"data engineer, fna",https://vn.linkedin.com/jobs/view/data-engineer-fna-at-tiki-corporation-2755059893?refId=TOmrE4GkeTfJtkHfaQOVFg%3D%3D&trackingId=YaGgeL%2Bd6Sew2xmT25hUoQ%3D%3D&position=24&pageNum=5&trk=public_jobs_jserp-result_search-card
160,Yr1YFe8pgg/arK9U8eOqRw==,10/18/2021,Shopee,"senior associate, client insights",https://vn.linkedin.com/jobs/view/senior-associate-client-insights-at-shopee-2729603386?refId=TOmrE4GkeTfJtkHfaQOVFg%3D%3D&trackingId=Yr1YFe8pgg%2FarK9U8eOqRw%3D%3D&position=25&pageNum=5&trk=public_jobs_jserp-result_search-card
161,v8d3FLQ/pxvRIIjjlcXDuA==,11/1/2021,40HRS,big data engineer,https://vn.linkedin.com/jobs/view/big-data-engineer-at-40hrs-2773789937?refId=LanU62xsz6QR7ltaoGagzw%3D%3D&trackingId=v8d3FLQ%2FpxvRIIjjlcXDuA%3D%3D&position=1&pageNum=6&trk=public_jobs_jserp-result_search-card
162,Fr/8o1T+PeJJPJjCf3FoPw==,10/5/2021,Boston Consulting Group (BCG),digitalbcg | das consultants,https://vn.linkedin.com/jobs/view/digitalbcg-das-consultants-at-boston-consulting-group-bcg-2737695467?refId=LanU62xsz6QR7ltaoGagzw%3D%3D&trackingId=Fr%2F8o1T%2BPeJJPJjCf3FoPw%3D%3D&position=3&pageNum=6&trk=public_jobs_jserp-result_search-card
163,xxzlKkpJxn0DWqDwMGrM2Q==,10/17/2021,"QuantumBlack, a McKinsey company",data scientist - quantumblack - ho chi minh city based,https://vn.linkedin.com/jobs/view/data-scientist-quantumblack-ho-chi-minh-city-based-at-quantumblack-a-mckinsey-company-2679904123?refId=LanU62xsz6QR7ltaoGagzw%3D%3D&trackingId=xxzlKkpJxn0DWqDwMGrM2Q%3D%3D&position=7&pageNum=6&trk=public_jobs_jserp-result_search-card
164,v8iRg2zgqZaR7DmiRf4EKA==,10/27/2021,Isentia,research analyst - freelance,https://vn.linkedin.com/jobs/view/research-analyst-freelance-at-isentia-2768829402?refId=LanU62xsz6QR7ltaoGagzw%3D%3D&trackingId=v8iRg2zgqZaR7DmiRf4EKA%3D%3D&position=9&pageNum=6&trk=public_jobs_jserp-result_search-card
165,,9/19/2021,"Hitachi Vantara Vietnam Co., Ltd.",fresher/data entry hcm đà nẵng,https://vn.linkedin.com/jobs/view/fresher-data-entry-hcm-%C4%91%C3%A0-n%E1%BA%B5ng-at-hitachi-vantara-vietnam-co-ltd-2755265021?refId=LanU62xsz6QR7ltaoGagzw%3D%3D&trackingId=dvIJrlF7hdSJaeUA4neuag%3D%3D&position=10&pageNum=6&trk=public_jobs_jserp-result_search-card
166,,10/31/2021,KMS Solutions,"data engineer, kms solutions",https://vn.linkedin.com/jobs/view/data-engineer-kms-solutions-at-kms-solutions-2780434452?refId=LanU62xsz6QR7ltaoGagzw%3D%3D&trackingId=%2BmcQGuYj75InnMU9UMssQQ%3D%3D&position=13&pageNum=6&trk=public_jobs_jserp-result_search-card
167,,10/4/2021,Viva Republica Việt Nam (toss Vietnam),market research analyst,https://vn.linkedin.com/jobs/view/market-research-analyst-at-viva-republica-vi%E1%BB%87t-nam-toss-vietnam-2778077313?refId=LanU62xsz6QR7ltaoGagzw%3D%3D&trackingId=T6udXVdyqujb623Om4JFPw%3D%3D&position=14&pageNum=6&trk=public_jobs_jserp-result_search-card
168,3pCfcttkjxyHEXBDu0g8DQ==,10/27/2021,Pierre Fabre Group,business analysis manager,https://vn.linkedin.com/jobs/view/business-analysis-manager-at-pierre-fabre-group-2770749449?refId=LanU62xsz6QR7ltaoGagzw%3D%3D&trackingId=3pCfcttkjxyHEXBDu0g8DQ%3D%3D&position=15&pageNum=6&trk=public_jobs_jserp-result_search-card
169,IilJMMVBl3SMDPZ73EapRA==,10/25/2021,Deloitte,director - technology strategy & transformation - vn,https://vn.linkedin.com/jobs/view/director-technology-strategy-transformation-vn-at-deloitte-2596228413?refId=LanU62xsz6QR7ltaoGagzw%3D%3D&trackingId=IilJMMVBl3SMDPZ73EapRA%3D%3D&position=16&pageNum=6&trk=public_jobs_jserp-result_search-card
170,9WueAOP4a1DQVz8X2bfwSw==,10/29/2021,Barefoot Ventures,investment analyst,https://vn.linkedin.com/jobs/view/investment-analyst-at-barefoot-ventures-2771018384?refId=LanU62xsz6QR7ltaoGagzw%3D%3D&trackingId=9WueAOP4a1DQVz8X2bfwSw%3D%3D&position=18&pageNum=6&trk=public_jobs_jserp-result_search-card
171,NoGPEbrbCZNh7czWiANsVw==,10/11/2021,Grooo International,it business analyst,https://vn.linkedin.com/jobs/view/it-business-analyst-at-grooo-international-2744614159?refId=LanU62xsz6QR7ltaoGagzw%3D%3D&trackingId=NoGPEbrbCZNh7czWiANsVw%3D%3D&position=19&pageNum=6&trk=public_jobs_jserp-result_search-card
172,9zRuocVKNTQd1aaFeC6Uzw==,9/23/2021,TIKI Corporation,"data product manager, tiki ads",https://vn.linkedin.com/jobs/view/data-product-manager-tiki-ads-at-tiki-corporation-2764434092?refId=LanU62xsz6QR7ltaoGagzw%3D%3D&trackingId=9zRuocVKNTQd1aaFeC6Uzw%3D%3D&position=20&pageNum=6&trk=public_jobs_jserp-result_search-card
173,STSby1ZHjZeJSANPLuRQ7w==,10/8/2021,Techcombank (TCB),business system analyst( data platform),https://vn.linkedin.com/jobs/view/business-system-analyst-data-platform-at-techcombank-tcb-2699209652?refId=LanU62xsz6QR7ltaoGagzw%3D%3D&trackingId=STSby1ZHjZeJSANPLuRQ7w%3D%3D&position=21&pageNum=6&trk=public_jobs_jserp-result_search-card
174,,11/1/2021,Beta,finance control & analysis,https://vn.linkedin.com/jobs/view/finance-control-analysis-at-beta-2780936600?refId=LanU62xsz6QR7ltaoGagzw%3D%3D&trackingId=%2BEb1QMo8HGo7Fv1ZfQkL9Q%3D%3D&position=22&pageNum=6&trk=public_jobs_jserp-result_search-card
175,Pk/bh0aqF9JL4Y+Aa0Chng==,10/25/2021,Procter & Gamble,it intern,https://vn.linkedin.com/jobs/view/it-intern-at-procter-gamble-2766745156?refId=dPT9u4K4kGYKZ3LogQSY%2Bw%3D%3D&trackingId=Pk%2Fbh0aqF9JL4Y%2BAa0Chng%3D%3D&position=1&pageNum=7&trk=public_jobs_jserp-result_search-card
176,FITXpUZVhOBJpHz/UMFEOQ==,10/22/2021,Vietsourcing Human Resources Services,data product manager,https://vn.linkedin.com/jobs/view/data-product-manager-at-vietsourcing-human-resources-services-2762839539?refId=dPT9u4K4kGYKZ3LogQSY%2Bw%3D%3D&trackingId=FITXpUZVhOBJpHz%2FUMFEOQ%3D%3D&position=2&pageNum=7&trk=public_jobs_jserp-result_search-card
177,swty3slpcz1RHBjQCHEOMQ==,10/28/2021,Chợ Tốt,growth analyst,https://vn.linkedin.com/jobs/view/growth-analyst-at-ch%E1%BB%A3-t%E1%BB%91t-2767083765?refId=dPT9u4K4kGYKZ3LogQSY%2Bw%3D%3D&trackingId=swty3slpcz1RHBjQCHEOMQ%3D%3D&position=3&pageNum=7&trk=public_jobs_jserp-result_search-card
178,1ajEDrrnTssB6pANIV3dcw==,10/14/2021,Shopee,fraud project management,https://vn.linkedin.com/jobs/view/fraud-project-management-at-shopee-2698741443?refId=dPT9u4K4kGYKZ3LogQSY%2Bw%3D%3D&trackingId=1ajEDrrnTssB6pANIV3dcw%3D%3D&position=4&pageNum=7&trk=public_jobs_jserp-result_search-card
179,RIeSGPY4slpfXTeb+1M3BA==,10/19/2021,Boston Consulting Group (BCG),digitalbcg | project leaders – financial institutions (fi),https://vn.linkedin.com/jobs/view/digitalbcg-project-leaders-%E2%80%93-financial-institutions-fi-at-boston-consulting-group-bcg-2755936823?refId=dPT9u4K4kGYKZ3LogQSY%2Bw%3D%3D&trackingId=RIeSGPY4slpfXTeb%2B1M3BA%3D%3D&position=6&pageNum=7&trk=public_jobs_jserp-result_search-card
180,jpyCUJq6Fi9cFS2BKH09vA==,10/6/2021,Shopee,shopee vietnam global leaders program (glp) - 2022,https://vn.linkedin.com/jobs/view/shopee-vietnam-global-leaders-program-glp-2022-at-shopee-2780592789?refId=dPT9u4K4kGYKZ3LogQSY%2Bw%3D%3D&trackingId=jpyCUJq6Fi9cFS2BKH09vA%3D%3D&position=7&pageNum=7&trk=public_jobs_jserp-result_search-card
181,QUM2myQ7+72qZ60ZLhAqMg==,10/13/2021,Shopee,shopee express - quality assurance,https://vn.linkedin.com/jobs/view/shopee-express-quality-assurance-at-shopee-2698738263?refId=dPT9u4K4kGYKZ3LogQSY%2Bw%3D%3D&trackingId=QUM2myQ7%2B72qZ60ZLhAqMg%3D%3D&position=10&pageNum=7&trk=public_jobs_jserp-result_search-card
182,0zNtOR4N4IyO3lkbpM6DOA==,11/1/2021,Shopee,sem lead,https://vn.linkedin.com/jobs/view/sem-lead-at-shopee-2774523631?refId=dPT9u4K4kGYKZ3LogQSY%2Bw%3D%3D&trackingId=0zNtOR4N4IyO3lkbpM6DOA%3D%3D&position=11&pageNum=7&trk=public_jobs_jserp-result_search-card
183,tBKanE6gTxnTQh8+1N4TZA==,9/26/2021,Michael Page,senior director of data and analytics_a transforming local bank,https://vn.linkedin.com/jobs/view/senior-director-of-data-and-analytics-a-transforming-local-bank-at-michael-page-2768047285?refId=dPT9u4K4kGYKZ3LogQSY%2Bw%3D%3D&trackingId=tBKanE6gTxnTQh8%2B1N4TZA%3D%3D&position=16&pageNum=7&trk=public_jobs_jserp-result_search-card
184,AmCLV5+2toQe2WDP6v/T9g==,10/29/2021,"Yaraku, Inc.",nlp developer,https://vn.linkedin.com/jobs/view/nlp-developer-at-yaraku-inc-2771058843?refId=dPT9u4K4kGYKZ3LogQSY%2Bw%3D%3D&trackingId=AmCLV5%2B2toQe2WDP6v%2FT9g%3D%3D&position=17&pageNum=7&trk=public_jobs_jserp-result_search-card
185,sBANkqV+ZRrgyEQhou0WXw==,10/23/2021,BioTuring,single-cell computational scientist,https://vn.linkedin.com/jobs/view/single-cell-computational-scientist-at-bioturing-2765300124?refId=dPT9u4K4kGYKZ3LogQSY%2Bw%3D%3D&trackingId=sBANkqV%2BZRrgyEQhou0WXw%3D%3D&position=18&pageNum=7&trk=public_jobs_jserp-result_search-card
186,YA+uOKQJHzyHo1c9e2p0yQ==,9/19/2021,Shopee,logistics associate,https://vn.linkedin.com/jobs/view/logistics-associate-at-shopee-2756444323?refId=dPT9u4K4kGYKZ3LogQSY%2Bw%3D%3D&trackingId=YA%2BuOKQJHzyHo1c9e2p0yQ%3D%3D&position=19&pageNum=7&trk=public_jobs_jserp-result_search-card
187,,10/29/2021,Finan,data engineering,https://vn.linkedin.com/jobs/view/data-engineering-at-finan-2778046715?refId=dPT9u4K4kGYKZ3LogQSY%2Bw%3D%3D&trackingId=s3jacXwTgywYPtR%2ByoIzlw%3D%3D&position=23&pageNum=7&trk=public_jobs_jserp-result_search-card
188,Lo7+0wwpOEYCz+eNKI98YA==,10/14/2021,Shopee,business development,https://vn.linkedin.com/jobs/view/business-development-at-shopee-2698733831?refId=dPT9u4K4kGYKZ3LogQSY%2Bw%3D%3D&trackingId=Lo7%2B0wwpOEYCz%2BeNKI98YA%3D%3D&position=25&pageNum=7&trk=public_jobs_jserp-result_search-card
189,lwjMBQkhzaz3y2GDSDoAsg==,10/12/2021,Citi,product solution manager,https://vn.linkedin.com/jobs/view/product-solution-manager-at-citi-2754570291?refId=4ib2lAUtqFgAKefbz0JrcA%3D%3D&trackingId=lwjMBQkhzaz3y2GDSDoAsg%3D%3D&position=2&pageNum=8&trk=public_jobs_jserp-result_search-card
190,R2E238/HGw2SON8UapXU+Q==,10/14/2021,Shopee,operations - fraud,https://vn.linkedin.com/jobs/view/operations-fraud-at-shopee-2698740838?refId=4ib2lAUtqFgAKefbz0JrcA%3D%3D&trackingId=R2E238%2FHGw2SON8UapXU%2BQ%3D%3D&position=3&pageNum=8&trk=public_jobs_jserp-result_search-card
191,0i3b1QqS+LXiNXYK5Bz/Vw==,10/21/2021,McKinsey & Company,senior knowledge analyst,https://vn.linkedin.com/jobs/view/senior-knowledge-analyst-at-mckinsey-company-2686376929?refId=4ib2lAUtqFgAKefbz0JrcA%3D%3D&trackingId=0i3b1QqS%2BLXiNXYK5Bz%2FVw%3D%3D&position=4&pageNum=8&trk=public_jobs_jserp-result_search-card
192,ObwuL4/ryojqIro9JxWz1A==,10/15/2021,Flight Centre Travel Group,power bi developer / data modeler,https://vn.linkedin.com/jobs/view/power-bi-developer-data-modeler-at-flight-centre-travel-group-2757818541?refId=4ib2lAUtqFgAKefbz0JrcA%3D%3D&trackingId=ObwuL4%2FryojqIro9JxWz1A%3D%3D&position=6&pageNum=8&trk=public_jobs_jserp-result_search-card
193,oi9QQyLjInGjw94aUMpSlg==,9/19/2021,Shopee,risk management,https://vn.linkedin.com/jobs/view/risk-management-at-shopee-2756433800?refId=4ib2lAUtqFgAKefbz0JrcA%3D%3D&trackingId=oi9QQyLjInGjw94aUMpSlg%3D%3D&position=7&pageNum=8&trk=public_jobs_jserp-result_search-card
194,3Qsfm+No+h37Ykg6XouJLQ==,10/5/2021,Visa,"sr. director, head of vca, vietnam",https://vn.linkedin.com/jobs/view/sr-director-head-of-vca-vietnam-at-visa-2738177905?refId=4ib2lAUtqFgAKefbz0JrcA%3D%3D&trackingId=3Qsfm%2BNo%2Bh37Ykg6XouJLQ%3D%3D&position=8&pageNum=8&trk=public_jobs_jserp-result_search-card
195,aJc6IHP++BGaciAugOZQ9Q==,10/19/2021,DIAS advisors,associate intern,https://vn.linkedin.com/jobs/view/associate-intern-at-dias-advisors-2765098726?refId=4ib2lAUtqFgAKefbz0JrcA%3D%3D&trackingId=aJc6IHP%2B%2BBGaciAugOZQ9Q%3D%3D&position=10&pageNum=8&trk=public_jobs_jserp-result_search-card
196,KY38iRjLEbeTCF5fd1VbhQ==,10/22/2021,FPT Digital,director - technology consulting,https://vn.linkedin.com/jobs/view/director-technology-consulting-at-fpt-digital-2762831280?refId=4ib2lAUtqFgAKefbz0JrcA%3D%3D&trackingId=KY38iRjLEbeTCF5fd1VbhQ%3D%3D&position=11&pageNum=8&trk=public_jobs_jserp-result_search-card
197,z0GZtN+DFzHxbbRpYFW7SQ==,10/4/2021,TikTok,client solutions manager,https://vn.linkedin.com/jobs/view/client-solutions-manager-at-tiktok-2617224616?refId=4ib2lAUtqFgAKefbz0JrcA%3D%3D&trackingId=z0GZtN%2BDFzHxbbRpYFW7SQ%3D%3D&position=13&pageNum=8&trk=public_jobs_jserp-result_search-card
198,rZSSb5eiS46mj/mUFoIuWA==,10/25/2021,Tridge,data manager - vietnam (remote),https://vn.linkedin.com/jobs/view/data-manager-vietnam-remote-at-tridge-2766734135?refId=4ib2lAUtqFgAKefbz0JrcA%3D%3D&trackingId=rZSSb5eiS46mj%2FmUFoIuWA%3D%3D&position=14&pageNum=8&trk=public_jobs_jserp-result_search-card
199,NNVBM4J7/KMY76V1pkTVKA==,10/31/2021,ZaloPay,growth strategy lead/associate,https://vn.linkedin.com/jobs/view/growth-strategy-lead-associate-at-zalopay-2773704689?refId=4ib2lAUtqFgAKefbz0JrcA%3D%3D&trackingId=NNVBM4J7%2FKMY76V1pkTVKA%3D%3D&position=15&pageNum=8&trk=public_jobs_jserp-result_search-card
200,SKcUpXA41gokob6+CjLp7Q==,10/28/2021,Techcombank (TCB),"senior manager, data science",https://vn.linkedin.com/jobs/view/senior-manager-data-science-at-techcombank-tcb-2739406138?refId=4ib2lAUtqFgAKefbz0JrcA%3D%3D&trackingId=SKcUpXA41gokob6%2BCjLp7Q%3D%3D&position=16&pageNum=8&trk=public_jobs_jserp-result_search-card
