,Title
0,https://vn.linkedin.com/in/g%E1%BA%A5m-nguy%E1%BB%85n-4177501a3
1,https://vn.linkedin.com/in/my-dung-nguyen-062b85200
2,https://vn.linkedin.com/in/quynhnguyen18
3,https://vn.linkedin.com/in/yen-t-nguyen-49a82a159
4,https://vn.linkedin.com/in/hoanganhdang03
5,https://vn.linkedin.com/in/phattrungdoan
6,https://vn.linkedin.com/in/vantiendat
7,https://vn.linkedin.com/in/duong-dang-65953b1a7
8,https://www.linkedin.com/in/mariahoang2910/
9,https://vn.linkedin.com/in/duonghr
10,https://vn.linkedin.com/in/elaine-huynh-43583a204
11,https://www.linkedin.com/in/nhipt0608
12,https://vn.linkedin.com/in/thuy-le-79b27a9a
13,https://vn.linkedin.com/in/mark-l-b74b95136
14,https://vn.linkedin.com/in/timothy-mulloy-74087aa3
15,https://vn.linkedin.com/in/linh-my-lam
16,https://vn.linkedin.com/in/trang-dang-chloe-2b3207101
17,https://vn.linkedin.com/in/suong-nguyen-4093a41b0
18,https://vn.linkedin.com/in/huyen-nguyen-thi-khanh-675b43209
19,https://vn.linkedin.com/in/joeyhanpham
20,https://vn.linkedin.com/in/ngocnguyen09
21,https://vn.linkedin.com/in/camellia-nguyen
22,https://vn.linkedin.com/in/van-lam-591b4110b
23,https://vn.linkedin.com/in/hong-nguyen-xuan-26602422
24,https://vn.linkedin.com/in/hemi-tran-headhunter
25,https://vn.linkedin.com/in/an-tran-193722211
26,https://vn.linkedin.com/in/don-nguyen-2122a1178
27,https://vn.linkedin.com/in/pham-thi-mong-tuyen
28,https://vn.linkedin.com/in/stephenthanhluong
29,https://vn.linkedin.com/in/tran-hoa-0a26aa1b5?trk=public_profile_browsemap
30,https://vn.linkedin.com/in/amie-blue-ab0141204
31,https://vn.linkedin.com/in/vo-thi-bao-hoa-7a5b1b136
32,https://vn.linkedin.com/in/duyentruong888
33,https://vn.linkedin.com/in/xuan-le-b597071bb
34,https://vn.linkedin.com/in/nguyen-duong-0937481a7
35,https://vn.linkedin.com/in/cecilia-lee-6662a71a5
36,https://vn.linkedin.com/in/tran-minh-4aa7461a7
37,https://vn.linkedin.com/in/charles-ken-b66629193
38,https://vn.linkedin.com/in/hieuvu212
39,https://vn.linkedin.com/in/giang-thi-182212214
40,https://vn.linkedin.com/in/persol-hr-888b4b158
41,https://vn.linkedin.com/in/my-thai-717b71206
42,https://vn.linkedin.com/in/gigi-phuong-tran-a1a8b494
43,https://vn.linkedin.com/in/an-vu-121549220?trk=public_profile_browsemap
44,https://vn.linkedin.com/in/linhjeanettenguyen
45,https://vn.linkedin.com/in/maria-mai-53754153
46,https://vn.linkedin.com/in/duyen-duyen-5239841a9?trk=public_profile_browsemap_profile-result-card_result-card_full-click
47,https://vn.linkedin.com/in/phuocnguyen195
48,https://vn.linkedin.com/in/yyenle
49,https://vn.linkedin.com/in/chuyen-nguyen-30517515b
50,https://vn.linkedin.com/in/dieu-ha-14baa01b7
51,https://vn.linkedin.com/in/anhphanngoc137
52,https://vn.linkedin.com/in/truc-quan-nguyen-233903164
53,https://vn.linkedin.com/in/daophuong
54,https://vn.linkedin.com/in/cassandra-nguy%E1%BB%85n-5502b7203
55,https://vn.linkedin.com/in/bella-hoa-31063190
56,https://vn.linkedin.com/in/duc-nguyen-0a6035211
57,https://vn.linkedin.com/in/duyenngn
58,https://vn.linkedin.com/in/jane-recruiter-589a95209
59,https://vn.linkedin.com/in/alma-young-2546661b7
60,https://www.linkedin.com/in/taviahuynh?trk=org-employees
61,https://vn.linkedin.com/in/bang-kim-79b03b1ba
62,https://vn.linkedin.com/in/liz-tr-7b3149197
63,https://vn.linkedin.com/in/jasmie-phan-407a9b20a
64,https://vn.linkedin.com/in/phuongtranhoangminh
65,https://vn.linkedin.com/in/chi-huynh-7634a4144
66,https://vn.linkedin.com/in/dien-pham-5a5ab1204
67,https://vn.linkedin.com/in/nbphan
68,https://www.linkedin.com/in/nh%C6%B0-l%C3%A2m-613602188/es-es?trk=people-guest_people_search-card
69,https://www.linkedin.com/in/thomas-john-445a34106
70,https://vn.linkedin.com/in/ngoc-quyen-831635201
71,https://vn.linkedin.com/in/trang-nguyen-9185a9a5
72,https://www.linkedin.com/in/quynh-nhan-nikki-ho-57077613
73,https://vn.linkedin.com/in/han-pham-898811174
74,https://vn.linkedin.com/in/duy%C3%AAn-l%E1%BB%A5c-rie-040150142
75,https://vn.linkedin.com/in/duy%C3%AAn-tr%C6%B0%C6%A1ng-b83394202
76,https://vn.linkedin.com/in/dung-thao
77,https://vn.linkedin.com/in/nguyenphucthien
78,https://vn.linkedin.com/in/quynh-truong-0a2a861b0
79,https://vn.linkedin.com/in/tran-jessica-42a140196
80,https://vn.linkedin.com/in/truc-nguyen-2a2a7a1a4
81,https://vn.linkedin.com/in/99bow?trk=public_profile_browsemap_profile-result-card_result-card_full-click
82,https://vn.linkedin.com/in/rachel-nguyen-b73603218
83,https://ca.linkedin.com/in/anhho1
84,https://vn.linkedin.com/in/anh-dao-dang-b89851182
85,https://vn.linkedin.com/in/jassy-l%C3%AA-404949177
86,https://vn.linkedin.com/in/vy-l%C3%AA-35a3991b1
87,https://sg.linkedin.com/in/henryle710
88,https://www.linkedin.com/in/hoshan/
89,https://vn.linkedin.com/in/julie-duong-698b9a194
90,https://vn.linkedin.com/in/ttploan
91,https://vn.linkedin.com/in/hantt5
92,https://vn.linkedin.com/in/doris-nguyen-323b551b2
93,https://vn.linkedin.com/in/huynhtancuong
94,https://vn.linkedin.com/in/hai-nguyen-hui-36b859a1
95,https://vn.linkedin.com/in/leung-kai-fook-vn-473173207
96,https://vn.linkedin.com/in/datpham98
97,https://vn.linkedin.com/in/quinton-dang-b213581b7
98,https://vn.linkedin.com/in/anhle19?trk=public_profile_browsemap
99,https://vn.linkedin.com/in/kimquyen
