,Title,Company,Location,Link,Review
0,geographic information systems (GIS) technician,Zimmer Air Services Inc,"St. Thomas, ON",https://ca.indeed.com/rc/clk?jk=6fc7ac2da30e4567&fccid=2a4a0321c43c33da&vjs=3,None
1,"new
GIS Technician",Kneehill County,"Three Hills, AB",https://ca.indeed.com/rc/clk?jk=4ee407eb9191a5b2&fccid=0bb5b829c33693a8&vjs=3,3.0
2,"new
Mapping and GIS Specialist",BC Hydro,"Burnaby, BC",https://ca.indeed.com/rc/clk?jk=b5908061872d4aae&fccid=faec17211a77ac07&vjs=3,3.8
3,GIS Analyst,Niagara Region,"Niagara, ON•Remote",https://ca.indeed.com/rc/clk?jk=28af63f187af7054&fccid=b7748d8d3ec813ec&vjs=3,3.4
4,GIS technicians,JCMB Technology,"Delson, QC",https://ca.indeed.com/rc/clk?jk=dd0d6a06b1ee7bf9&fccid=927020447303ca98&vjs=3,None
5,"new
Mapping and GIS Specialist - Site-C Vancouver (MOU#15)",BC Hydro,"Vancouver, BC",https://ca.indeed.com/rc/clk?jk=a928b866e12b4572&fccid=faec17211a77ac07&vjs=3,3.8
6,"new
GIS Analyst",City of Medicine Hat,"Medicine Hat, AB",https://ca.indeed.com/rc/clk?jk=ab9d3e12a3e6e757&fccid=4867f4504aecb5be&vjs=3,3.3
7,GIS Analyst,Arup,"Toronto, ON•Remote",https://ca.indeed.com/rc/clk?jk=e0dbbbfd1da75160&fccid=38c0d5e4f2a99768&vjs=3,4.1
8,Geographic Information System (GIS) and Data Management Offi...,Environment and Climate Change Canada,"Yellowknife, NT",https://ca.indeed.com/rc/clk?jk=6abcfd4a2173bc0b&fccid=d45e6800befca5fb&vjs=3,4.3
9,"new
GIS Analyst",Enbridge,"Edmonton, AB",https://ca.indeed.com/rc/clk?jk=69f5059046fbac4b&fccid=221c64eea0d34f50&vjs=3,3.9
10,GIS Technician,District of North Vancouver,"North Vancouver, BC",https://ca.indeed.com/rc/clk?jk=3357d564426755a7&fccid=337fe0b15ff6d7a7&vjs=3,3.9
11,"new
Senior GIS Analyst",Government of Alberta,"Edmonton, AB",https://ca.indeed.com/rc/clk?jk=846ecc0a66077c29&fccid=06eb55e7689c0bc2&vjs=3,4.0
12,"new
Geospatial Analyst",City of Calgary,"Calgary, AB",https://ca.indeed.com/rc/clk?jk=8b264cc00e8cf7bd&fccid=4fac8d665ce49365&vjs=3,4.0
13,Junior GIS Analyst - Field Based,Surerus Murphy Joint Venture,Alberta,https://ca.indeed.com/rc/clk?jk=09f113fe0451c2ff&fccid=b6f9208a2073106d&vjs=3,2.5
14,"new
GIS Analyst/ Data Analyst",Canadian Nuclear Laboratories,"Chalk River, ON",https://ca.indeed.com/rc/clk?jk=4fec0325bc81678a&fccid=a0da53533519eae5&vjs=3,3.6
15,GIS Co-op,Interfor Corporation,"Chase, BC+1 location",https://ca.indeed.com/rc/clk?jk=d10ac8834e2f252c&fccid=9c6eb712ba3444eb&vjs=3,3.2
16,"new
GIS Analyst",Northwest Hydraulic Consultants,"Edmonton, AB",https://ca.indeed.com/rc/clk?jk=1c4a0a4636fe859c&fccid=cb65975c892e755a&vjs=3,None
17,Junior GIS Analyst,Surerus Murphy Joint Venture,"Calgary, AB",https://ca.indeed.com/rc/clk?jk=6bc80b7f445d1d57&fccid=b6f9208a2073106d&vjs=3,2.5
18,Senior GIS Analyst - Remote,DNV,"Montréal, QC•Remote",https://ca.indeed.com/company/DNV/jobs/Senior-GIS-Analyst-08f39c8a4b6b52c5?fccid=621355d16566db19&vjs=3,None
19,GIS Drafter 2,FortisBC,"Surrey, BC",https://ca.indeed.com/rc/clk?jk=1c9bec55cf53085e&fccid=b78b6949868c8ed1&vjs=3,3.5
20,Environmental GIS Student (2022),Canadian Natural,"Fort McMurray, AB",https://ca.indeed.com/rc/clk?jk=c24883578f4f4fc5&fccid=c0bb7be52e9b90bc&vjs=3,3.7
21,GIS Specialist,Aecon Group,"Toronto, ON",https://ca.indeed.com/rc/clk?jk=84a294d82989316a&fccid=142c552fa53fee9b&vjs=3,4.0
22,GIS TECHNICIAN,The MEARIE Group,"Newmarket, ON",https://ca.indeed.com/rc/clk?jk=4bd343b4b36e7e49&fccid=05cd95175163d972&vjs=3,None
23,"new
GIS Developer (Edmonton) - 3421",Solvera,"Edmonton, AB•Remote",https://ca.indeed.com/rc/clk?jk=ca772b9cd35cae98&fccid=6de4bd22b79a799f&vjs=3,4.0
24,GIS Analyst,Dillon Consulting Limited,"Fredericton, NB",https://ca.indeed.com/rc/clk?jk=d37b4c207a270dfc&fccid=6a34323eae72ab52&vjs=3,3.7
25,"new
Engineering and GIS Technician",Village of Pemberton,"Pemberton, BC",https://ca.indeed.com/rc/clk?jk=c7d491538522fa44&fccid=9e8d5033e1ab9c93&vjs=3,None
26,Crime Analyst,City of Hamilton,"Hamilton, ON",https://ca.indeed.com/rc/clk?jk=87d2e85b7a4f4019&fccid=bc3edde79fc08191&vjs=3,4.2
27,"new
Inspector, Field Operations, West",Alberta Energy Regulator,"Drayton Valley, AB•Remote",https://ca.indeed.com/company/Alberta-Energy-Regulator/jobs/Inspector-fe7a2f8f1f06a6e9?fccid=f51f70746696cf21&vjs=3,3.5
28,Technologist 2- GIS,FortisBC,"Surrey, BC",https://ca.indeed.com/rc/clk?jk=d864ad14092154d3&fccid=b78b6949868c8ed1&vjs=3,3.5
29,GIS & Data Specialist,Rogers Communications,"Brampton, ON",https://ca.indeed.com/rc/clk?jk=c0df99c5295ffbc4&fccid=b5583ca8df6a68c3&vjs=3,3.7
30,Geographic Information System (GIS) Specialist,McElhanney Ltd.,"Calgary, AB",https://ca.indeed.com/rc/clk?jk=71643b79d8b637d1&fccid=ce625fe329965c2b&vjs=3,3.9
31,"new
Business Intelligence Analyst",Government of Alberta,"Edmonton, AB",https://ca.indeed.com/rc/clk?jk=273aa198f82d0294&fccid=06eb55e7689c0bc2&vjs=3,4.0
32,GIS Account Manager,EagleView,"Quebec City, QC",https://ca.indeed.com/rc/clk?jk=a0d838d96b9c495d&fccid=3f11836ada2d0e87&vjs=3,None
33,"new
Engineering and GIS Technician",Pemberton (Village),"Pemberton, BC",https://ca.indeed.com/rc/clk?jk=008435066eed602a&fccid=89f0f961e05f6516&vjs=3,None
34,GIS Programmer / Application Specialist,First Resource Management Group,Ontario•Remote,https://ca.indeed.com/rc/clk?jk=fdad0143d96db34e&fccid=57eff890c30ff187&vjs=3,None
35,"new
Wildlife Research Technician (wildlife field, wildlife healt...",Environment and Climate Change Canada,Canada•Temporarily Remote,https://ca.indeed.com/rc/clk?jk=634b53821fdaf747&fccid=d45e6800befca5fb&vjs=3,4.3
36,GIS Analyst,LGL Limited,"King City, ON",https://ca.indeed.com/rc/clk?jk=f05508ddcbf142f7&fccid=d69bbbc10d3334c5&vjs=3,None
37,"new
WILDLIFE POPULATION SPECIALIST","Ministry of Northern Development, Mines, Natural...","Peterborough, ON",https://ca.indeed.com/rc/clk?jk=9efc0375a76d69e2&fccid=dd616958bd9ddc12&vjs=3,None
38,Research Scientist,Agriculture and Agri-Food Canada,"Summerland, BC",https://ca.indeed.com/rc/clk?jk=9697d6333eb8d5fd&fccid=8f84505b61d708a7&vjs=3,4.3
39,Entry Level Environmental Data Management (EDM) Specialist,Jacobs,"Toronto, ON",https://ca.indeed.com/rc/clk?jk=16ab3f696cdb4924&fccid=de56d7554bea5214&vjs=3,3.9
40,"new
Asset Management Coordinator",City of Grande Prairie,"Grande Prairie, AB",https://ca.indeed.com/company/City-of-Grande-Prairie/jobs/Asset-Management-Coordinator-97b5f0fee141827e?fccid=aca92c74944b42c7&vjs=3,3.5
41,GIS Developer (Front-End),Spatial DNA,"Toronto, ON",https://ca.indeed.com/rc/clk?jk=be51aa9617e8d292&fccid=4b650ca6aae68a48&vjs=3,None
42,"new
Data Analyst",Malatest,"Victoria, BC",https://ca.indeed.com/rc/clk?jk=6529a66395815c8d&fccid=2068a6ece1dbed15&vjs=3,3.7
43,"new
Cartographic Designer",City of Edmonton,"Edmonton, AB",https://ca.indeed.com/rc/clk?jk=86973f779b04d241&fccid=1bd3971bacd035e0&vjs=3,3.7
44,"new
Data Analyst",Woodlands Head Office,"Saint John, NB",https://ca.indeed.com/rc/clk?jk=0d665974b7bcd564&fccid=b680520115bfd867&vjs=3,2.7
45,System Administrator,Town of Peace River,"Peace River, AB",https://ca.indeed.com/rc/clk?jk=c6bc831e5c5ad0d0&fccid=7fb6c767616d333c&vjs=3,3.5
46,Silviculture Assistant,Government of Saskatchewan,"Prince Albert, SK",https://ca.indeed.com/rc/clk?jk=a458cd877462dec5&fccid=46b05e24085a766c&vjs=3,3.8
47,Pipeline Operator,Keyera,"Edmonton, AB",https://ca.indeed.com/rc/clk?jk=40f4c5e38608f2fd&fccid=97e04f2e05fe08b1&vjs=3,2.5
48,"Géomaticien, énergies renouvelables",Boralex,"Kingsey Falls, QC•Remote",https://ca.indeed.com/company/Boralex/jobs/G%C3%A9omaticien-83054ac338f0d1bb?fccid=cd05a8ddb8e033aa&vjs=3,4.6
49,"new
Field Forester",Central NB Woodlands,"Chipman, NB",https://ca.indeed.com/rc/clk?jk=9811b1bb97f0e34c&fccid=b680520115bfd867&vjs=3,2.7
50,Senior GIS Analyst,JDI IT,"Saint John, NB",https://ca.indeed.com/rc/clk?jk=58aaf6af2db52de4&fccid=b680520115bfd867&vjs=3,2.7
51,"new
Wetland Conservation Specialist (three-year term)",Ducks Unlimited Canada,Ontario,https://ca.indeed.com/rc/clk?jk=cb06e95b63e8917a&fccid=8c0b8b17e94eef07&vjs=3,4.1
52,"Biologist (BI02), Senior Biologist (BI03), Analyst (PC02), S...",Fisheries and Oceans Canada,"Winnipeg, MB",https://ca.indeed.com/rc/clk?jk=af8f152a5ff8c7cb&fccid=e6a98a77c6290f9e&vjs=3,4.3
53,Geomatics Officer,City of Yellowknife,"Yellowknife, NT",https://ca.indeed.com/rc/clk?jk=874a131f17c44b4e&fccid=e59074722be0557e&vjs=3,3.6
54,Socio-Economist,Dillon Consulting Limited,"Toronto, ON",https://ca.indeed.com/rc/clk?jk=166b056933f770c8&fccid=6a34323eae72ab52&vjs=3,3.7
55,"new
civil engineering technologist",Highland Engineering Services Ltd.,"Campbell River, BC",https://ca.indeed.com/rc/clk?jk=d27dec2d3a837065&fccid=ebab0dcd51ced445&vjs=3,None
56,"new
party chief, land surveying",Edwards and Associates LTD.,"Bay Roberts, NL",https://ca.indeed.com/rc/clk?jk=efa2edc63edc7eba&fccid=9ace6e04b56525ea&vjs=3,None
57,Géologue – Géologue stagiaire – Rouyn-Noranda,Technominex,"Rouyn-Noranda, QC",https://ca.indeed.com/rc/clk?jk=a9957d1f0f0503e0&fccid=ddb0ec382ce54016&vjs=3,None
58,"new
Information Systems Specialist",City of Winnipeg,"Winnipeg, MB",https://ca.indeed.com/rc/clk?jk=0e028a2cf2cf7305&fccid=e34eff27bc02d86b&vjs=3,3.9
59,Laboratory/Field Technician,University of New Brunswick,"Fredericton, NB",https://ca.indeed.com/rc/clk?jk=3261f6a2acd6c731&fccid=a1707b0d13b0776e&vjs=3,4.2
60,"new
Geographical Information Systems Technician",Kneehill County,"Three Hills, AB",https://ca.indeed.com/rc/clk?jk=4c3869d04c00f6c9&fccid=0bb5b829c33693a8&vjs=3,3.0
61,CAD Technician - Geomatics,Stantec,"Markham, ON+2 locations",https://ca.indeed.com/rc/clk?jk=97cc14476701dea7&fccid=f1582c464db8553b&vjs=3,3.7
62,CAD Drafter or Designer,CIMA+,"Laval, QC",https://ca.indeed.com/rc/clk?jk=80daefde306f5f05&fccid=d73a8c5a37df8561&vjs=3,3.6
63,"new
Data and Analytics Technologist",City of Richmond Hill,"Richmond Hill, ON",https://ca.indeed.com/rc/clk?jk=8c1716bf32be1df3&fccid=dd07620fcfc833ab&vjs=3,4.1
64,"new
Junior Technician",Stantec,"Waterloo, ON",https://ca.indeed.com/rc/clk?jk=a10381629680371e&fccid=f1582c464db8553b&vjs=3,3.7
65,CAD Technician,Ledcor,"Toronto, ON",https://ca.indeed.com/rc/clk?jk=2ebaa9197ad69751&fccid=858565e37a126a9f&vjs=3,3.7
66,"new
Operations Engineer",Emera Brunswick Pipeline Inc.,"Saint John, NB",https://ca.indeed.com/company/Emera-Brunswick-Pipeline-Inc./jobs/Operation-Engineer-dbe77daaa5cdbb12?fccid=2282f20565edc684&vjs=3,3.8
67,geotechnical engineer,Goldcorp Canada Ltd.,"Thunder Bay, ON",https://ca.indeed.com/rc/clk?jk=9b9a26e3727f6669&fccid=65054c61c970b78c&vjs=3,4.3
68,Imagery Technician - Radar Production,MDA,"Cantley, QC",https://ca.indeed.com/rc/clk?jk=175e625c0a049c53&fccid=11f7828cf965b07c&vjs=3,3.5
69,"new
Stagiaire - Planification des transports",GHD,"Montréal, QC",https://ca.indeed.com/rc/clk?jk=9f5ee75ba954b097&fccid=25b9aa55f7b71e5c&vjs=3,3.6
70,geophysical technician,Géophysique GPR International inc.,"Longueuil, QC",https://ca.indeed.com/rc/clk?jk=f4d3d6b4be07284e&fccid=b045ed2bc771edec&vjs=3,None
71,Job Description,City of Colwood,"Colwood, BC",https://ca.indeed.com/rc/clk?jk=dc4e8367e705fcb0&fccid=6a15564ddd22a3f5&vjs=3,2.5
72,Ecologist,SNC-Lavalin,"Toronto, ON",https://ca.indeed.com/rc/clk?jk=86af507302a3820c&fccid=59b04a51f1164f7e&vjs=3,4.0
73,GIS Software Engineer,Trimble,"Vancouver, BC•Remote",https://ca.indeed.com/rc/clk?jk=77a2207466afc233&fccid=41ffc18dec1f58bf&vjs=3,3.7
74,"new
CEO (chief executive officer) - trade, broadcasting and othe...",GEOSPOC SOLUTIONS INC,"Concord, ON",https://ca.indeed.com/rc/clk?jk=1d1a1535c80aa5a2&fccid=fcd120246e307453&vjs=3,None
75,"new
Planning Work Experience Student (Planning Coordination)",City of Edmonton,"Edmonton, AB•Remote",https://ca.indeed.com/rc/clk?jk=bded035ca94923e9&fccid=1bd3971bacd035e0&vjs=3,3.7
76,"new
Woodlands Operations Supervisor",Tolko Industries Ltd.,"Williams Lake, BC",https://ca.indeed.com/rc/clk?jk=a9ea05231c215e73&fccid=0a7144e1c7612109&vjs=3,3.4
77,ArcGIS ESRI Consultant,Infosys,"Toronto, ON",https://ca.indeed.com/rc/clk?jk=4e0721c6003ac100&fccid=c67533a523c83a4c&vjs=3,3.9
78,PROJECT SURVEYOR,Ministry of Transportation,"Toronto, ON",https://ca.indeed.com/rc/clk?jk=dd0b5e21b54d7c0a&fccid=2dbdda1ea370cb8e&vjs=3,4.2
79,Epidemiologist,Halton Region,"Halton, ON",https://ca.indeed.com/rc/clk?jk=081ba4587646d9f3&fccid=25d908fb6e0e3ea4&vjs=3,3.8
80,Mine Technician,Teck Resources Limited,"Logan Lake, BC",https://ca.indeed.com/rc/clk?jk=e8f24fe6a914d867&fccid=3b3560e05dbdfdeb&vjs=3,3.9
81,3 Month Contract - Production Technician,Hexagon Geosystems,"Calgary, AB",https://ca.indeed.com/rc/clk?jk=c3c7f745fdac8775&fccid=0a22ab36cf7af12f&vjs=3,3.9
82,GIS Solution Architect,Jacobs,"Burnaby, BC+1 location",https://ca.indeed.com/rc/clk?jk=5ddbf1521a88aa49&fccid=de56d7554bea5214&vjs=3,3.9
83,Environmental Protection Officer,District of West Vancouver,"West Vancouver, BC",https://ca.indeed.com/company/District-of-West-Vancouver/jobs/Environmental-Protection-Officer-a7c2e4d2d6e312ab?fccid=b8c200b4a39680a3&vjs=3,3.1
84,GIS Analyst,Fujitsu,Quebec Province,https://ca.indeed.com/rc/clk?jk=a3748e228bcbf027&fccid=0d771a787e6e10bd&vjs=3,3.6
85,Geospatial Expert,Korem,"Quebec City, QC",https://ca.indeed.com/rc/clk?jk=06aa8af2d9974198&fccid=fd784f42735086ed&vjs=3,None
86,Développeuse conceptrice ou développeur concepteur,Ville de Montréal,"Montréal, QC",https://ca.indeed.com/rc/clk?jk=d329306a404bfd28&fccid=9498451ae57a36cf&vjs=3,4.1
87,Environmental Scientist (Junior),Associated Engineering Group of Companies,"Edmonton, AB",https://ca.indeed.com/company/Associated-Engineering-Group-of-Companies/jobs/Environmental-Scientist-9ae60a5f78b103b9?fccid=dcc4825283d202ba&vjs=3,None
88,"new
Intern, Geospatial Support - Indigenous",Nutrien Ltd.,"Saskatoon, SK",https://ca.indeed.com/rc/clk?jk=aef1bab91000ea4e&fccid=2f7563a9ec0a07ec&vjs=3,3.3
89,Streetlight Design Technologist,City of Calgary,"Calgary, AB",https://ca.indeed.com/rc/clk?jk=0864328bf0ef019c&fccid=4fac8d665ce49365&vjs=3,4.0
90,"new
Lands, Resources and Environment Assistant",Sagamok Anishnawbek,"Massey, ON",https://ca.indeed.com/rc/clk?jk=7c6cc0bebfa51ad2&fccid=85f68110ce9963a4&vjs=3,4.0
91,GIS PM,Vantix Systems Inc,"Edmonton, AB",https://ca.indeed.com/rc/clk?jk=fbb71defe8836515&fccid=696ed17e5535043f&vjs=3,None
92,Senior GIS Web Developer,exp,"Calgary, AB",https://ca.indeed.com/rc/clk?jk=af7c1f6f654fe043&fccid=976b101fe6125664&vjs=3,3.7
93,Junior Project Scientist,SNC-Lavalin,"Fort St. John, BC",https://ca.indeed.com/rc/clk?jk=61db8c017f1969c0&fccid=59b04a51f1164f7e&vjs=3,4.0
94,OSP Designer,Ledcor,"Mississauga, ON",https://ca.indeed.com/rc/clk?jk=f2d56418fd9fdc33&fccid=858565e37a126a9f&vjs=3,3.7
95,"new
Population Health Epidemiologist",Island Health,"Victoria, BC",https://ca.indeed.com/rc/clk?jk=4ba08b2bcf9bf426&fccid=139e079044c36dab&vjs=3,3.5
96,"new
Geomatics Analyst Pay Band 3",Department of Justice & Public Safety,"Fredericton, NB",https://ca.indeed.com/rc/clk?jk=2c0f2af6293fc0b6&fccid=96f296580123b501&vjs=3,3.7
97,Archaeologist,FortisBC,"Surrey, BC",https://ca.indeed.com/rc/clk?jk=bf717c46e92cdbe8&fccid=b78b6949868c8ed1&vjs=3,3.5
98,"new
Specialist Business Systems - Spatial GIS Front End Software...",Canadian Pacific,"Calgary, AB",https://ca.indeed.com/rc/clk?jk=e284e643d7182c6c&fccid=e16e92d37ae2c851&vjs=3,3.0
99,"new
Junior Water Conveyance Engineer",AECOM,"Winnipeg, MB",https://ca.indeed.com/rc/clk?jk=97bc87097a9a3547&fccid=bafa4b35e9cd20ce&vjs=3,3.7
100,Agrologist (three-year term),Ducks Unlimited Canada,"Camrose, AB",https://ca.indeed.com/rc/clk?jk=c905bf6d93264131&fccid=8c0b8b17e94eef07&vjs=3,4.1
101,"new
Senior Policy and Planning Analyst",Metro Vancouver,"Burnaby, BC",https://ca.indeed.com/company/Metro-Vancouver/jobs/Senior-Policy-Planning-Analyst-16e09304938d6565?fccid=f2087428405571c4&vjs=3,3.8
102,Intermediate CAD Technician,Stantec,"Ottawa, ON",https://ca.indeed.com/rc/clk?jk=a9011dd5d115e583&fccid=f1582c464db8553b&vjs=3,3.7
103,Remote Sensing Analyst,Hatfield Consultants,"Calgary, AB+1 location•Remote",https://ca.indeed.com/company/Hatfield-Consultants/jobs/Remote-Sensing-Analyst-60c1e72ae38b687f?fccid=9f1a0c1d141cefa9&vjs=3,None
104,Hydraulic Modeller – Galway,TOBIN Consulting Engineers,"Head, ON•Remote",https://ca.indeed.com/rc/clk?jk=f0d65a1943f6beea&fccid=f615fdab2af90c95&vjs=3,None
105,"new
Supervisor, Business Applications (Spatial & Data Solutions...",City of Hamilton,"Hamilton, ON",https://ca.indeed.com/rc/clk?jk=50e13e9c64313442&fccid=bc3edde79fc08191&vjs=3,4.2
106,RES O 27R - Data Scientist *AMENDED* CLOSING DATE EXTENDED,BC Public Service,Canada,https://ca.indeed.com/rc/clk?jk=e26dc809d9226c16&fccid=65dd05622a756445&vjs=3,3.5
107,Quality Assurance Analyst,Track Group,"Bedford, NS",https://ca.indeed.com/rc/clk?jk=3782fe365dbff593&fccid=e06d6311fbe65487&vjs=3,None
108,Planning Technician,City of Mission,"Mission, BC",https://ca.indeed.com/rc/clk?jk=5e77f71e6013a4ac&fccid=56be865edb7409e9&vjs=3,None
109,Planning Technician,Chatham-Kent,"Chatham-Kent, ON",https://ca.indeed.com/rc/clk?jk=d0148bdd3d03a3bc&fccid=722475cd97cc4124&vjs=3,4.1
110,Supervisor Geospatial Technician,City of Regina,"Regina, SK",https://ca.indeed.com/rc/clk?jk=fc41f3bf22432dd0&fccid=43447d28576e52bb&vjs=3,3.8
111,Senior Geographic Information Systems Analyst,Parkland County,"Parkland County, AB",https://ca.indeed.com/rc/clk?jk=ce44790b0457cc07&fccid=d0a67ed87414a485&vjs=3,2.1
112,Field Surveyor,Northwest Hydraulic Consultants,"Vancouver, BC",https://ca.indeed.com/rc/clk?jk=b9e193fff0c5c4e3&fccid=cb65975c892e755a&vjs=3,None
113,Technical Records Support Analyst,Aecon Group,"Mcgregor, ON",https://ca.indeed.com/rc/clk?jk=56e438950a3946d4&fccid=142c552fa53fee9b&vjs=3,4.0
114,Junior Geoscientist/ Environmental Scientist,RJ Burnside,"Orangeville, ON",https://ca.indeed.com/rc/clk?jk=32d9eb7f795a7826&fccid=735d6b731b321660&vjs=3,None
115,Assessment Officer,Manitoba Government,"Dauphin, MB",https://ca.indeed.com/rc/clk?jk=58ee41c6df810c69&fccid=84928e77c488cf4e&vjs=3,3.7
116,Forester,Louisiana-Pacific Corporation,"Bois-Franc, QC",https://ca.indeed.com/rc/clk?jk=e0a66e5379f0c861&fccid=16d447758b9e2f28&vjs=3,3.4
117,"new
Traffic Signal Design Clearance Technologist Grade 1",City of Winnipeg,"Winnipeg, MB",https://ca.indeed.com/rc/clk?jk=53469b5757d53632&fccid=e34eff27bc02d86b&vjs=3,3.9
118,"new
Development Officer",City of Medicine Hat,"Medicine Hat, AB",https://ca.indeed.com/rc/clk?jk=2b241e4a82d50def&fccid=4867f4504aecb5be&vjs=3,3.3
119,Field Forester - 1 Year Term,Southern NB Woodlands,"Sussex, NB",https://ca.indeed.com/rc/clk?jk=deb9c195d16d17e0&fccid=b680520115bfd867&vjs=3,2.7
120,"new
STO 18R - Geospatial Resource Information Technician",BC Public Service,"Cranbrook, BC",https://ca.indeed.com/rc/clk?jk=df1bbf3b53d3b78a&fccid=65dd05622a756445&vjs=3,3.5
121,"new
Intermediate Civil Technologist",GM BluePlan Engineering,"Guelph, ON+1 location",https://ca.indeed.com/rc/clk?jk=99dc7ad58b6c8033&fccid=ba2e651f68401474&vjs=3,3.0
122,CAD Technician,Urbantech Consulting,"Ottawa, ON",https://ca.indeed.com/rc/clk?jk=a5f3c19df47bc5e5&fccid=f76d397b32a7bfcb&vjs=3,None
123,Front End Developer,Lightspark,"Vancouver, BC",https://ca.indeed.com/rc/clk?jk=b0fc05750d8c5a6a&fccid=06926f09c00964a3&vjs=3,None
124,Radio Frequency Designer,Aecon Group,"Toronto, ON",https://ca.indeed.com/rc/clk?jk=4bd688fbc2c103b5&fccid=142c552fa53fee9b&vjs=3,4.0
125,Economic Development Officer,Town of Bridgewater,"Bridgewater, NS",https://ca.indeed.com/rc/clk?jk=73d574a6b28d4758&fccid=88eb8751d337846b&vjs=3,None
126,Data Scientist,Lightspark,"Vancouver, BC",https://ca.indeed.com/rc/clk?jk=1d9e179320a6422a&fccid=06926f09c00964a3&vjs=3,None
127,"new
Senior Wildlife Biologist",Government of Alberta,"Fort McMurray, AB",https://ca.indeed.com/rc/clk?jk=00a1ab3e88a012c0&fccid=06eb55e7689c0bc2&vjs=3,4.0
128,"new
Agriculture - Ultimate Yield Technology Technician",Rack Petroleum,"Saskatoon, SK",https://ca.indeed.com/rc/clk?jk=a2a9f633f5023d70&fccid=16c4d9c8007e5662&vjs=3,4.3
129,CAD TECHNICIAN/MUNICIPAL DESIGNER,Urbantech Consulting,"Ottawa, ON•Remote",https://ca.indeed.com/rc/clk?jk=c26bb194754a77a2&fccid=f76d397b32a7bfcb&vjs=3,None
130,"new
PDF - Bioacoustics Unit",University of Alberta,"Edmonton, AB",https://ca.indeed.com/rc/clk?jk=dcf77827dd31859e&fccid=09ac3ce4d9d271d1&vjs=3,4.3
131,Développeur d'applications - Consultant en GIS,IBM,"Montréal, QC+1 location",https://ca.indeed.com/rc/clk?jk=9d798649a1c2b057&fccid=de71a49b535e21cb&vjs=3,3.9
132,"new
Engineering Co-op Student",Province of Nova Scotia,"Halifax, NS",https://ca.indeed.com/rc/clk?jk=9802f473c06ef371&fccid=76b2daf26bb1853b&vjs=3,3.8
133,QA and Technical Assistance Analyst/Geomatics software,Effigis,"Montréal, QC",https://ca.indeed.com/rc/clk?jk=c328b024028c0353&fccid=fad28344810db477&vjs=3,None
134,Environmental Planner,Dillon Consulting Limited,"Oakville, ON",https://ca.indeed.com/rc/clk?jk=765cabcaabb2b2b4&fccid=6a34323eae72ab52&vjs=3,3.7
135,Planning and Development Technologist,Strathcona County,"Sherwood Park, AB",https://ca.indeed.com/rc/clk?jk=6c5190ec4d457625&fccid=67cc90b006a49c5d&vjs=3,3.9
136,"new
Engineering Assistant IV - Connections Coordinator",City of Vancouver,"Vancouver, BC",https://ca.indeed.com/rc/clk?jk=c32e5f738fee1928&fccid=90ab8fff5b1630d8&vjs=3,3.7
137,"new
Test Automation Developer",Teledyne CARIS,"Fredericton, NB",https://ca.indeed.com/rc/clk?jk=cbd1b34de33c3622&fccid=56fc1ffc1942e614&vjs=3,3.6
138,"Residential Market Studies Analyst, Economic Consulting",Altus Group,"Toronto, ON",https://ca.indeed.com/rc/clk?jk=ef67c0c90c61f7d3&fccid=67fbdb0463ba7ad3&vjs=3,2.6
139,Field Technician,Cyient,"Toronto, ON",https://ca.indeed.com/rc/clk?jk=205797d2bc7e140b&fccid=48337f40cc18bca7&vjs=3,3.5
140,"new
Design Specialist II - DevOps Wireless Network Engineer",TELUS,"Windsor, ON+1 location",https://ca.indeed.com/rc/clk?jk=df2332a05f94cae5&fccid=ed81336789a877c2&vjs=3,3.9
141,"new
Protected Areas Project Coordinator",Ontario Nature,"Thunder Bay, ON",https://ca.indeed.com/rc/clk?jk=522c7e73a213258c&fccid=096cdd693d40cc43&vjs=3,None
142,CAD Technician (Civil/Municipal),Urbantech Consulting,"London, ON•Remote",https://ca.indeed.com/rc/clk?jk=8e4f6f8ad2a905ba&fccid=f76d397b32a7bfcb&vjs=3,None
143,"new
Engineering Intern (Contract - One",North Bay City,Ontario,https://ca.indeed.com/rc/clk?jk=c3505f2df2385e1d&fccid=9189241248ec1604&vjs=3,None
144,"new
Engineering Work Experience Student (Traffic Engineering)",City of Edmonton,"Edmonton, AB•Temporarily Remote",https://ca.indeed.com/rc/clk?jk=6630d9ff5ac30230&fccid=1bd3971bacd035e0&vjs=3,3.7
145,Arpenteur / Arpenteuse,Pôle Emploi,"Quebec City, QC",https://ca.indeed.com/rc/clk?jk=9a006657bbfeb47d&fccid=a2879d256e7b9bda&vjs=3,None
146,"new
Tax Assessment & Appeals Advisor",City of Hamilton,"Hamilton, ON",https://ca.indeed.com/rc/clk?jk=dd9440b89abc1924&fccid=bc3edde79fc08191&vjs=3,4.2
147,"Part Time Post Secondary Professor, Geographic Information S...",Algonquin College,"Pembroke, ON",https://ca.indeed.com/rc/clk?jk=6e62ff5d9ef0c4b2&fccid=0656da7d92a7f8ed&vjs=3,4.3
148,"new
CMMS/EAMS Advisor",GHD,"Toronto, ON",https://ca.indeed.com/rc/clk?jk=a1acecb625d534b4&fccid=25b9aa55f7b71e5c&vjs=3,3.6
149,"new
Manager, Enterprise Systems & Analytics",City of Leduc,"Leduc, AB",https://ca.indeed.com/company/City-of-Leduc/jobs/Manager-1f19d0248b29da84?fccid=c01a9f2acbe3366e&vjs=3,None
150,Infrastructure Records Coordinator,City of Barrie,"Barrie, ON",https://ca.indeed.com/rc/clk?jk=093720d36497dd7a&fccid=56897ef9a1dfc87f&vjs=3,3.9
151,Environmental Planner - Transportation Infrastructure,Parsons,"Oakville, ON",https://ca.indeed.com/rc/clk?jk=272fd1f4f27df246&fccid=e8f998ddd15bac9c&vjs=3,3.9
152,Intermediate Quality Assurance Developer,SOLV3D,Remote,https://ca.indeed.com/rc/clk?jk=543ed48f4fcefd01&fccid=93e940cd2f62eaee&vjs=3,None
153,Senior CAD Operator,McElhanney Ltd.,"Vancouver, BC",https://ca.indeed.com/rc/clk?jk=b6fb0d06bbac0d66&fccid=ce625fe329965c2b&vjs=3,3.9
154,Manager of Information Technology,Town of Strathmore,"Strathmore, AB",https://ca.indeed.com/rc/clk?jk=115572a009fc10d3&fccid=e2883ca7b2274b36&vjs=3,3.2
155,"Technicien / Releveur(euse), Réseaux de distribution électri...",exp,"Sherbrooke, QC+2 locations",https://ca.indeed.com/rc/clk?jk=c35472841c6c94dd&fccid=976b101fe6125664&vjs=3,3.7
156,Geospatial Centre Director,University of Alberta,"Edmonton, AB",https://ca.indeed.com/rc/clk?jk=e8214370d5283a22&fccid=09ac3ce4d9d271d1&vjs=3,4.3
157,Junior Environmental Professional,McElhanney Ltd.,"Prince George, BC",https://ca.indeed.com/rc/clk?jk=8bdc55afc61fea08&fccid=ce625fe329965c2b&vjs=3,3.9
158,Geospatial Developer,Korem,"Quebec City, QC",https://ca.indeed.com/rc/clk?jk=7529e19f96b21821&fccid=fd784f42735086ed&vjs=3,None
159,Forestry Field Staff – Seasonal,CCI Inc.,"Calgary, AB",https://ca.indeed.com/rc/clk?jk=1483b2216651612f&fccid=981fb0df6a13e6c8&vjs=3,None
160,Geotechnical Drilling Inspector,Thurber Engineering Ltd.,"Calgary, AB",https://ca.indeed.com/rc/clk?jk=4332fea0c9989883&fccid=b10b3f2ff1445002&vjs=3,3.9
161,Parks Mapping Coordinator,Saanich (District),"Saanich, BC",https://ca.indeed.com/rc/clk?jk=c96c180df598e758&fccid=7f2947cf4f49b79f&vjs=3,None
162,engineering manager,Relieve Consulting Services Canada Inc.,"Windsor, ON",https://ca.indeed.com/rc/clk?jk=45eed59d3f001acd&fccid=36032e2ad1ed375e&vjs=3,None
163,Développeur Python INT,CGI Inc,"Quebec City, QC",https://ca.indeed.com/rc/clk?jk=9748f4889655c7be&fccid=43a69183767d4301&vjs=3,3.6
164,Environmental Scientist,Stantec,"Saskatoon, SK+1 location",https://ca.indeed.com/rc/clk?jk=ba8bb2811d7d1ba3&fccid=f1582c464db8553b&vjs=3,3.7
165,"new
Project Director – Howe Sound Marine Reference Guide",MakeWay,"Howe Sound, BC•Remote",https://ca.indeed.com/rc/clk?jk=5fa3e05297f7c9f4&fccid=f5746cbfced44b22&vjs=3,None
166,"new
Senior Systems Developer/Integrator",City of Ottawa,"Ottawa, ON",https://ca.indeed.com/rc/clk?jk=7e99b905668cf654&fccid=06f0c906048a9394&vjs=3,4.3
167,Data & Graduate Studies Librarian,British Columbia Institute of Technology (BCIT),"Burnaby, BC",https://ca.indeed.com/rc/clk?jk=55d4381bc0f03758&fccid=a874193b682c9f05&vjs=3,4.0
168,Senior Geologist,Fladgate Exploration Consulting Corporation,"Thunder Bay, ON",https://ca.indeed.com/rc/clk?jk=63b78c99a137d232&fccid=cbe9bf1a45c86fff&vjs=3,None
169,PLNG O 27R - Regional Planning Section Head - AMENDED,BC Public Service,"Hagensborg, BC",https://ca.indeed.com/rc/clk?jk=9a0c1d8edfdd78b8&fccid=65dd05622a756445&vjs=3,3.5
170,Senior Agronomist,ASLE TECHNOLOGIES GROUP,"Edmonton, AB",https://ca.indeed.com/rc/clk?jk=6fc70350a3c9187f&fccid=938050c76fc2b5af&vjs=3,None
171,Post-Doctoral Research Fellow,SickKids,"Toronto, ON",https://ca.indeed.com/rc/clk?jk=810efacb881c4ed5&fccid=9645047fb7b1d4e3&vjs=3,4.2
172,Junior Civil Technologist,GM BluePlan Engineering,"Kitchener, ON",https://ca.indeed.com/rc/clk?jk=c4aefa8250da6ef3&fccid=ba2e651f68401474&vjs=3,3.0
173,Senior Exploration Geologist - Generative,South32,"Vancouver, BC",https://ca.indeed.com/rc/clk?jk=3375485b2221cb26&fccid=226df6aaaebb0bb5&vjs=3,None
174,"new
Project Director",MakeWay,British Columbia+1 location•Remote,https://ca.indeed.com/rc/clk?jk=1f77e8410af5170e&fccid=f5746cbfced44b22&vjs=3,None
175,Planning Technician,Mission (City),"Mission, BC",https://ca.indeed.com/rc/clk?jk=1e51dfbdd41213df&fccid=f7b6ce2330b40dad&vjs=3,None
176,Term Instructors – Environmental Resources Technology (Lillo...,Nicola Valley Institute of Technology,"Merritt, BC",https://ca.indeed.com/rc/clk?jk=1be37ab65e69fb78&fccid=090c87252a393cdc&vjs=3,4.7
177,Environmental Strategist,City of Barrie,"Barrie, ON",https://ca.indeed.com/rc/clk?jk=cd70f97961d6af86&fccid=56897ef9a1dfc87f&vjs=3,3.9
178,Coastal Protection Act Program Administrator (PAO 4),Province of Nova Scotia,"Halifax, NS",https://ca.indeed.com/rc/clk?jk=b1dbf4be489412d5&fccid=76b2daf26bb1853b&vjs=3,3.8
179,Software Developers,Environmental Criminology,"Vancouver, BC",https://ca.indeed.com/rc/clk?jk=cfaef0ea689f3bca&fccid=36e5457b801f42a0&vjs=3,None
180,Quality Analyst,Safe Software,"Surrey, BC•Temporarily Remote",https://ca.indeed.com/rc/clk?jk=ac80636e226cad18&fccid=7134f3b0bafa5551&vjs=3,None
181,"Survey Software Test Engineer Intern, 12-Months",Trimble,Remote,https://ca.indeed.com/rc/clk?jk=4437d2ba91064559&fccid=41ffc18dec1f58bf&vjs=3,3.7
182,Fiber Engineering Specialist,Zayo Group,"Mississauga, ON",https://ca.indeed.com/rc/clk?jk=d3c8bdd5e6d181c8&fccid=44666e7051739fbb&vjs=3,2.7
183,Machine Learning Engineer,Enview,Ontario•Remote,https://ca.indeed.com/rc/clk?jk=14d83887493ad675&fccid=ef9f4d3ac03b3f46&vjs=3,None
184,Augment software development team,STEP Software,"London, ON",https://ca.indeed.com/rc/clk?jk=18ff03e829bb5228&fccid=30326dd520919568&vjs=3,None
185,"Planner, Heritage (Contract Up to 12 Months)",The Town of Caledon,"Caledon, ON•Temporarily Remote",https://ca.indeed.com/rc/clk?jk=db809c716a22a646&fccid=eef14c0c013e0f88&vjs=3,3.4
186,"Data Scientist, Privacy Engineering",Geotab,"Oakville, ON•Remote",https://ca.indeed.com/rc/clk?jk=abebc0f802c96cbd&fccid=31921a4bf53a6026&vjs=3,3.1
187,Water Resources Engineer / Hydrologist,AquaResource Inc.,"Breslau, ON",https://ca.indeed.com/rc/clk?jk=15c7358dd67ce008&fccid=eef3709a574227a9&vjs=3,None
188,"new
Intermediate Fluvial Geomorphologist",AECOM,"London, ON",https://ca.indeed.com/rc/clk?jk=818fc5291346fabb&fccid=bafa4b35e9cd20ce&vjs=3,3.7
189,Software Developer,Teledyne CARIS,"Fredericton, NB",https://ca.indeed.com/rc/clk?jk=416f6bb6d9eaf13d&fccid=56fc1ffc1942e614&vjs=3,3.6
190,Environmental/Civil Engineer,The Elm Group,"Engineer, BC",https://ca.indeed.com/rc/clk?jk=05500c5adef5caf7&fccid=8909d95e6ce9bc5f&vjs=3,None
191,Junior Civil,MCW Group of Companies,"Vancouver, BC",https://ca.indeed.com/rc/clk?jk=12d3cce74c493e24&fccid=df93e1c82dcbc13a&vjs=3,None
192,Hydraulic Analysis Engineer / EIT,AECOM,"Thornhill, ON",https://ca.indeed.com/rc/clk?jk=8e46280a7183c52e&fccid=bafa4b35e9cd20ce&vjs=3,3.7
193,Surveyor,Miller Paving Limited,"New Liskeard, ON",https://ca.indeed.com/rc/clk?jk=ecab5b8e174fb775&fccid=5fd3bbe55bd9f7c6&vjs=3,3.5
194,Technical Support Specialist,Safe Software,"Surrey, BC•Temporarily Remote",https://ca.indeed.com/rc/clk?jk=1260687653d58926&fccid=7134f3b0bafa5551&vjs=3,None
195,Transportation Technical Assistant / Engineer-In-Training,Watt Consulting Group,"Vancouver, BC+1 location",https://ca.indeed.com/company/Watt-Consulting-Group/jobs/Transportation-Technical-Assistant-558792d154a7a355?fccid=5401c4120b1c4b0d&vjs=3,None
196,"Geoscience Field, Laboratory, and Office Assistants - Resear...",Natural Resources Canada,Canada•Temporarily Remote,https://ca.indeed.com/rc/clk?jk=a4b5ccbe5d695af3&fccid=70ae16371d561945&vjs=3,4.1
197,Field Lead,GeoDigital,"Ottawa, ON",https://ca.indeed.com/rc/clk?jk=c538e3975d16c102&fccid=95bb0e6150886869&vjs=3,None
198,Fiber Engineer,Zayo Group,"Calgary, AB",https://ca.indeed.com/rc/clk?jk=6ebfcf829a36488c&fccid=44666e7051739fbb&vjs=3,2.7
199,Environmental Impact Assessment / Permitting Consultant (Ass...,ERM Group,"Vancouver, BC•Remote",https://ca.indeed.com/rc/clk?jk=b9cb6a4af6c6d015&fccid=3f0d5695925aa6ba&vjs=3,None
200,Programmer Analyst GIS / Analyste-programmeur SIG,Fujitsu,Canada,https://ca.indeed.com/rc/clk?jk=0ba197048f017aa2&fccid=0d771a787e6e10bd&vjs=3,3.6
201,Offshore Geotechnical Engineer,Alpha Adroit,"Edmonton, AB",https://ca.indeed.com/rc/clk?jk=0b5d469621c151c4&fccid=f1730941329f817c&vjs=3,None
202,"new
Career Opportunities: Geologist III (36665)",Cameco,Canada,https://ca.indeed.com/rc/clk?jk=4bc2dc9a2f34a492&fccid=aea73156a8998d68&vjs=3,4.1
203,Regenerative Designer,Biomimicry Frontiers,"Guelph, ON•Remote",https://ca.indeed.com/rc/clk?jk=7cd69b484f95fcf4&fccid=7630dbb2593a9a0b&vjs=3,None
204,Project Geologist,Alamos Gold Inc.,"Lynn Lake, MB",https://ca.indeed.com/rc/clk?jk=cbaf0fd46df65193&fccid=ed657f480955f7fe&vjs=3,None
205,Senior Environmental Data Management (EDM) Specialist,Jacobs,"Calgary, AB",https://ca.indeed.com/rc/clk?jk=1735f23ccb221be0&fccid=de56d7554bea5214&vjs=3,3.9
206,"new
Forestry Superintendent - Planning",Tolko Industries Ltd.,"High Level, AB",https://ca.indeed.com/rc/clk?jk=6937e0ee87f14218&fccid=0a7144e1c7612109&vjs=3,3.4
207,SAFETY OFFICER - TEMPORARY OPPORTUNITY,Durham District School Board,"Whitby, ON",https://ca.indeed.com/rc/clk?jk=71d2a8d6e3d877a4&fccid=f36245f5725d8812&vjs=3,4.2
208,Junior or Intermediate Civil/Water Resources Engineer,Klohn Crippen Berger,"Edmonton, AB+1 location",https://ca.indeed.com/company/Klohn-Crippen-Berger/jobs/Junior-or-Intermediate-Civil-Water-Resource-Engineer-e674e1909f8e64f8?fccid=bc2cb8ff54230cf5&vjs=3,4.1
209,Supervisor of Traffic Field Services,"City of Burlington, Ontario","Burlington, ON","https://ca.indeed.com/company/City-of-Burlington,-Ontario/jobs/Supervisor-Traffic-Field-Service-b32fb30232671967?fccid=372b4d3da6f078c5&vjs=3",4.2
210,Electrical Technician - Civil Engineering or Distribution,CIMA+,"Quebec City, QC",https://ca.indeed.com/rc/clk?jk=5d251af9c7e5794a&fccid=d73a8c5a37df8561&vjs=3,3.6
211,"Postdoctoral Fellow, Global Water Futures",University of Saskatchewan,"Saskatoon, SK",https://ca.indeed.com/rc/clk?jk=8a7cf8997b5c6ed3&fccid=318d62c673342e64&vjs=3,4.2
212,Stream Restoration Scientist - Junior,GHD,"Mississauga, ON",https://ca.indeed.com/rc/clk?jk=2a3e6dfa256fc63e&fccid=25b9aa55f7b71e5c&vjs=3,3.6
213,Tenure Track Faculty Position (Open rank) - Department of Ge...,McGill University,"Montréal, QC",https://ca.indeed.com/rc/clk?jk=92fb64b7d4c9ea5e&fccid=367ae0b0728910f4&vjs=3,4.3
214,PLNG O 27R - Regional Planning Section Head - CLOSING DATE E...,BC Public Service,"Fort St. John, BC",https://ca.indeed.com/rc/clk?jk=5b9deace89a00046&fccid=65dd05622a756445&vjs=3,3.5
215,"new
Principal Minerals & Waste Planning Officer",Central Bedfordshire Council,"Shefford, QC",https://ca.indeed.com/rc/clk?jk=9cfa3afcbb494a21&fccid=63e120b06a8b71f4&vjs=3,None
216,"new
Project Manager, Wastewater Technical Services",City of Guelph,"Guelph, ON",https://ca.indeed.com/rc/clk?jk=a09e2c5e14f5e3df&fccid=e14299c90c5f08eb&vjs=3,3.8
217,STO-RE 18R - District Range Technologist,BC Public Service,"Kamloops, BC",https://ca.indeed.com/rc/clk?jk=dcf45cfe99346ffd&fccid=65dd05622a756445&vjs=3,3.5
218,FME Developer,Spatial DNA,"Toronto, ON",https://ca.indeed.com/rc/clk?jk=9d048938d2ff6a16&fccid=4b650ca6aae68a48&vjs=3,None
219,Analyste Fonctionnel,Optel Group,"Quebec City, QC",https://ca.indeed.com/rc/clk?jk=7c43c14d31ce4f13&fccid=635882e9e2e9b710&vjs=3,3.6
220,Project Geologist,Alamos Gold Young Davidson Mine,"Matachewan, ON",https://ca.indeed.com/rc/clk?jk=fc644b0e5c80f0e9&fccid=6800c33ecd1280f3&vjs=3,None
221,Assistant Professor in Geographical Information Systems,Université de Montréal,"Montréal, QC",https://ca.indeed.com/rc/clk?jk=76f1c62a93321e0e&fccid=b411342803771183&vjs=3,4.2
222,Transport Planner,Steer,"Toronto, ON",https://ca.indeed.com/company/Steer/jobs/Transport-Planner-48f53af3d3b63d8f?fccid=561636f83d3c213d&vjs=3,None
223,Ingénieur civil junior (Graduate Civil Engineer) (Available...,Arup,"Montréal, QC",https://ca.indeed.com/rc/clk?jk=22c5fea683f8b4c7&fccid=38c0d5e4f2a99768&vjs=3,4.1
224,Transportation Planner,McIntosh Perry,"Markham, ON",https://ca.indeed.com/rc/clk?jk=eaf35ee6a005c223&fccid=af4a21fe11006b2b&vjs=3,3.5
225,Administrateur de systèmes d’information géographique (SIG),CGI Inc,"Montréal, QC",https://ca.indeed.com/rc/clk?jk=ad563bfec2d06b53&fccid=43a69183767d4301&vjs=3,3.6
226,Business Intelligence Engineer II - Logistics,Amazon Dev Centre Canada ULC,"Vancouver, BC",https://ca.indeed.com/rc/clk?jk=e160f5b526b29a53&fccid=fe2d21eef233e94a&vjs=3,3.5
227,Software programmers,JCMB Technology,"Delson, QC",https://ca.indeed.com/rc/clk?jk=1c1a7bfc7c428f75&fccid=927020447303ca98&vjs=3,None
228,"ESRA Developer JSAPI, Java",Maplesoft Group,"Calgary, AB",https://ca.indeed.com/rc/clk?jk=d4d4876da508d5fb&fccid=9db2ebf51d40b305&vjs=3,3.5
229,"new
WATER RESOURCE ENGINEER",WSP,"Dartmouth, NS+4 locations",https://ca.indeed.com/rc/clk?jk=f9c537d2982575d0&fccid=125e77713a321cdc&vjs=3,3.7
230,Program Standards Planner,Halifax Regional Municipality,"Halifax, NS",https://ca.indeed.com/rc/clk?jk=fce386ed653c4b4c&fccid=3911a4869d010d10&vjs=3,4.3
231,Sr. Business Intelligence Engineer - Logistics,Amazon Dev Centre Canada ULC,"Vancouver, BC",https://ca.indeed.com/rc/clk?jk=e8efd836dbe4daf1&fccid=fe2d21eef233e94a&vjs=3,3.5
232,Harvesting Forester II,Louisiana-Pacific Corporation,"Fort St. John, BC",https://ca.indeed.com/rc/clk?jk=ae7b5d405bcddfe4&fccid=16d447758b9e2f28&vjs=3,3.4
233,"Int Engineer/MTS, Software Development",MDA,"Richmond, BC",https://ca.indeed.com/rc/clk?jk=50d80aa879e0deb5&fccid=11f7828cf965b07c&vjs=3,3.5
234,Asset Management Consultant,GM BluePlan Engineering,"Hamilton, ON",https://ca.indeed.com/rc/clk?jk=5975f7d647a2e715&fccid=ba2e651f68401474&vjs=3,3.0
235,"new
Civil Engineering Design & Drafting Technologist",Urban Systems,"Calgary, AB",https://ca.indeed.com/rc/clk?jk=91c093e526b43c61&fccid=da6419f811da1339&vjs=3,4.2
236,Surveyor,Telecon Design Inc,Newfoundland and Labrador,https://ca.indeed.com/rc/clk?jk=9f443101879cc702&fccid=d627515ff8d355dd&vjs=3,3.0
237,System Configuration Specialist (Netsuite),Sheertex,"Montréal, QC",https://ca.indeed.com/rc/clk?jk=d3de49c7bd7d6843&fccid=614f1d9cb7a0a207&vjs=3,3.1
238,Senior Actuary (Pricing),BCAA,Canada,https://ca.indeed.com/rc/clk?jk=059c09a7f9491b0e&fccid=c3874ffbc0eac87d&vjs=3,4.0
239,Environmental Inspector,Ghostpine Environmental Services,"Calgary, AB",https://ca.indeed.com/rc/clk?jk=3f3f3bb812b3f2a6&fccid=74a76f7f72777652&vjs=3,2.0
240,Environmental Project Engineer,SNC-Lavalin,"Fort St. John, BC",https://ca.indeed.com/rc/clk?jk=82257449710bcfc8&fccid=59b04a51f1164f7e&vjs=3,4.0
241,CAD + 3D Modelling Technician,EKISTICS,"Vancouver, BC",https://ca.indeed.com/rc/clk?jk=7ef9d8c92858d297&fccid=8cceef6c5a237d2e&vjs=3,1.4
242,Distribution Network Technician - Electrical or Civil,CIMA+,"Longueuil, QC",https://ca.indeed.com/rc/clk?jk=5536608a9032d301&fccid=d73a8c5a37df8561&vjs=3,3.6
243,Real Estate Valuer (Ex CPA),Turner Drake & Partners Ltd.,"Halifax, NS•Remote",https://ca.indeed.com/rc/clk?jk=260dd37c43ccef3b&fccid=64c40e74822815c3&vjs=3,None
244,Back End Developer,Lightspark,"Vancouver, BC",https://ca.indeed.com/rc/clk?jk=080273b099c25b19&fccid=06926f09c00964a3&vjs=3,None
245,Field Director,Sources Archaeological & Heritage Research,"Vancouver, BC",https://ca.indeed.com/rc/clk?jk=82ae853c93abcf5a&fccid=b8e48c021f3df6b7&vjs=3,None
246,Land Use Planner,Parsons Corporation,"Ottawa, ON",https://ca.indeed.com/rc/clk?jk=f754136a61121632&fccid=e8f998ddd15bac9c&vjs=3,3.9
247,Woodlot Services Technician (Stumpage Buyer),Woodlands Head Office,"Saint John, NB",https://ca.indeed.com/rc/clk?jk=6e4e304c3036cf78&fccid=b680520115bfd867&vjs=3,2.7
248,"Manager, Documents & Digital Archives",University of Waterloo,"Waterloo, ON",https://ca.indeed.com/rc/clk?jk=5b518b17758b386f&fccid=5bcffa6277080afe&vjs=3,4.5
249,Analyste en solutions géomatiques,CGI Inc,"Montréal, QC",https://ca.indeed.com/rc/clk?jk=d1a6ab344163f9b2&fccid=43a69183767d4301&vjs=3,3.6
250,Lead Hand - Horticulture,Town of Newmarket,"Newmarket, ON",https://ca.indeed.com/rc/clk?jk=0a27750112dab8a1&fccid=918491760224f1d6&vjs=3,4.1
251,Presales Solution Consultant,Harris Computer Systems,British Columbia,https://ca.indeed.com/rc/clk?jk=7229087792c6ac9f&fccid=c7a4f45e467435a8&vjs=3,3.3
252,"new
Intermediate Design Technologist",CTQ Consultants,"Kelowna, BC•Remote",https://ca.indeed.com/rc/clk?jk=f6227fd833dae492&fccid=30d868b2a80d03cb&vjs=3,None
253,Lead Consultant – Contracts & Negotiations,The MEARIE Group,"Newmarket, ON",https://ca.indeed.com/rc/clk?jk=ac9ef26af68962ab&fccid=05cd95175163d972&vjs=3,None
254,Postdoctoral Fellowship Position in Sustainable And Smart Ci...,University of Alberta,"Edmonton, AB",https://ca.indeed.com/rc/clk?jk=d58047fc5b6c1299&fccid=09ac3ce4d9d271d1&vjs=3,4.3
255,Sr Manager Geospatial,Rogers Communications,"Toronto, ON•Temporarily Remote",https://ca.indeed.com/rc/clk?jk=a386795edd778792&fccid=b5583ca8df6a68c3&vjs=3,3.7
256,Outside Plant Designer,Ledcor,"Victoria, BC+5 locations",https://ca.indeed.com/rc/clk?jk=90f43af8cb740e6e&fccid=858565e37a126a9f&vjs=3,3.7
257,Electrical Distribution Technologist,MCW Group of Companies,"Vancouver, BC+1 location",https://ca.indeed.com/rc/clk?jk=3413c6ea10f13d75&fccid=df93e1c82dcbc13a&vjs=3,None
258,Développeur de moteur de jeu / Game Engine Developer,CAE Inc.,"Saint-Laurent, QC•Remote",https://ca.indeed.com/rc/clk?jk=4ce37898b2f99653&fccid=b839f9af280b111f&vjs=3,3.6
259,Transportation Planner,HDR,"Richmond Hill, ON",https://ca.indeed.com/rc/clk?jk=4b337b9b08567fc1&fccid=c3725c584175877c&vjs=3,3.8
260,Analyste – ECM/GED/IIM,Indixio,"Saint-Hubert, QC",https://ca.indeed.com/rc/clk?jk=2ca2c3aa716b232a&fccid=3772df336b5f20a5&vjs=3,None
261,Registries Officer,Government of New Brunswick,"Fredericton, NB",https://ca.indeed.com/rc/clk?jk=4469557b14912ec5&fccid=7ab20b450831af24&vjs=3,4.6
262,Sessional - Faculty,Thompson Rivers University,British Columbia,https://ca.indeed.com/rc/clk?jk=8542fd65e9c4a08f&fccid=2d633bb4caa0ee09&vjs=3,4.4
263,Senior Remote Sensing Specialist,Hatfield Consultants,"Calgary, AB+1 location",https://ca.indeed.com/company/Hatfield-Consultants/jobs/Senior-Remote-Sensing-Specialist-e91df22c18a92607?fccid=9f1a0c1d141cefa9&vjs=3,None
264,Planner,Township of Spallumcheen,"Spallumcheen, BC",https://ca.indeed.com/rc/clk?jk=a8413ef57c3383ad&fccid=9866009ea420a1ff&vjs=3,None
265,Planner,Spallumcheen (Township),"Spallumcheen, BC",https://ca.indeed.com/rc/clk?jk=c2c3ba7badcf5d0e&fccid=d6c9bc81a3dca1a6&vjs=3,None
266,Geo-Environmental Engineer,Terraprobe Inc.,"Brampton, ON",https://ca.indeed.com/company/Terraprobe-Inc./jobs/Geo-Environmental-Engineer-22e1c411a6a7f186?fccid=d931e1c86f200f8f&vjs=3,None
267,Intermediate Software Engineer,MDA,"Richmond, BC",https://ca.indeed.com/rc/clk?jk=79386660a68f9c0e&fccid=11f7828cf965b07c&vjs=3,3.5
268,Full Stack Developer,Lightspark,"Vancouver, BC",https://ca.indeed.com/rc/clk?jk=ab78208495ea19ce&fccid=06926f09c00964a3&vjs=3,None
269,Senior Terrestrial Biologist/Ecologist,Cambium Inc.,"Barrie, ON",https://ca.indeed.com/rc/clk?jk=a85cdf8b91d3a3db&fccid=db6b0199b2d8d3d5&vjs=3,5.0
270,Wetlands Workforce Field Crew Supervisor – Yaqan Nukiy Wetla...,BC Wildlife Federation,"Creston, BC",https://ca.indeed.com/rc/clk?jk=83580dc1ed51113a&fccid=9bc28fa3a031ba37&vjs=3,3.5
271,"Director, Business Intelligence and Analytics",JDI IT,Canada,https://ca.indeed.com/rc/clk?jk=29987bdf2d1d8bb9&fccid=b680520115bfd867&vjs=3,2.7
272,"new
Civil Engineering Technologist, Fire Protection Specialist 1",Opta Information Intelligence Corp.,"Halifax, NS",https://ca.indeed.com/rc/clk?jk=cafdefef2a583cc7&fccid=5faebc9fafcb4ddb&vjs=3,None
273,"new
Civil Engineering Technologist, Fire Protection Specialist 1...",Opta Information Intelligence Corp.,"Markham, ON",https://ca.indeed.com/rc/clk?jk=d1291bf45b12ca7f&fccid=5faebc9fafcb4ddb&vjs=3,None
274,Transportation Engineer,HDR,"Richmond Hill, ON",https://ca.indeed.com/rc/clk?jk=70069326a5ee4366&fccid=c3725c584175877c&vjs=3,3.8
275,"new
Legal Assistant – Real Estate (12 Month Contract)",Ontario Northland,"North Bay, ON",https://ca.indeed.com/rc/clk?jk=52e9ae9102749de7&fccid=37e70d803433e9ff&vjs=3,4.1
276,Environmental Professional,Dillon Consulting Limited,"Winnipeg, MB",https://ca.indeed.com/rc/clk?jk=c6fa76733dacf462&fccid=6a34323eae72ab52&vjs=3,3.7
277,"new
PROJECT MANAGER TRANSPORTATION SERVICES",City of Toronto,"Toronto, ON",https://ca.indeed.com/rc/clk?jk=63921c5751abf34a&fccid=f2087b51205d4920&vjs=3,4.2
278,Mine Planning/Survey Student,Suncor Energy Services,"Calgary, AB",https://ca.indeed.com/rc/clk?jk=244c3970ea54e0a9&fccid=e16ce774384b4169&vjs=3,4.0
279,Planning Services Technical Coordinator,City of Barrie,"Barrie, ON",https://ca.indeed.com/rc/clk?jk=27331a3cd57adeca&fccid=56897ef9a1dfc87f&vjs=3,3.9
280,Senior Planner (LRPS),City of Campbell River,"Campbell River, BC",https://ca.indeed.com/rc/clk?jk=f54b637c0b675315&fccid=4e26f22468e9ab34&vjs=3,None
281,Hazardous Materials Program Assistant,Wood Plc,"Vancouver, BC",https://ca.indeed.com/rc/clk?jk=d714f9e100d7fdc9&fccid=022a1f0fd2bf3f85&vjs=3,3.8
282,Planning Forester (Forester II),Louisiana-Pacific Corporation,"Fort St. John, BC",https://ca.indeed.com/rc/clk?jk=4fa62d5820fcc24f&fccid=16d447758b9e2f28&vjs=3,3.4
283,"new
Engineering Assistant IV - Connections Coordinator",Vancouver (City),"Vancouver, BC",https://ca.indeed.com/rc/clk?jk=463b1d5346c67f9a&fccid=c8e7acf17e4f46d3&vjs=3,None
284,"Director, Development Planning",Century Group Lands Corporation,"New Westminster, BC",https://ca.indeed.com/rc/clk?jk=9ba07f6739bfcb21&fccid=030c7f93862a0ded&vjs=3,4.3
285,Global Capabilities Esri Digital Solutions Lead,AECOM,"Montréal, QC",https://ca.indeed.com/rc/clk?jk=61bb6a83d1e7ea26&fccid=bafa4b35e9cd20ce&vjs=3,3.7
286,Junior Civil/Electrical Distribution Technologist,MCW Group of Companies,"Winnipeg, MB",https://ca.indeed.com/rc/clk?jk=b90e0028e7ebd216&fccid=df93e1c82dcbc13a&vjs=3,None
287,Transportation Engineer,CIMA+,"Montréal, QC",https://ca.indeed.com/rc/clk?jk=e45796c25dd828b3&fccid=d73a8c5a37df8561&vjs=3,3.6
288,Project Manager,Halifax Regional Municipality,"Dartmouth, NS",https://ca.indeed.com/rc/clk?jk=c9da839b25e0e1f4&fccid=3911a4869d010d10&vjs=3,4.3
289,Senior Anthropologist,ARCHAEO RESEARCH,British Columbia,https://ca.indeed.com/rc/clk?jk=9ff6dbfcbce5fa03&fccid=f0ed303b990e0619&vjs=3,None
290,Senior Wireless Access In-Building Planner,Rogers Communications,"Montréal, QC•Temporarily Remote",https://ca.indeed.com/rc/clk?jk=aa7fac50c442bb1b&fccid=b5583ca8df6a68c3&vjs=3,3.7
291,Civil Engineering Technologist,Dillon Consulting Limited,"Saint John, NB",https://ca.indeed.com/rc/clk?jk=ede139dacb52bec2&fccid=6a34323eae72ab52&vjs=3,3.7
292,CSA Engineering Technologist,McElhanney Ltd.,"Fort St. John, BC",https://ca.indeed.com/rc/clk?jk=2030935b78b687c5&fccid=ce625fe329965c2b&vjs=3,3.9
293,Distribution Engineer,Wood Plc,"Vancouver, BC",https://ca.indeed.com/rc/clk?jk=44ad490023d648ee&fccid=022a1f0fd2bf3f85&vjs=3,3.8
294,RE-POST Site Planner,Canadian Nuclear Laboratories,"Chalk River, ON",https://ca.indeed.com/rc/clk?jk=b4a90b0645acf6d5&fccid=a0da53533519eae5&vjs=3,3.6
295,Civil Engineer,MCW Group of Companies,"Winnipeg, MB",https://ca.indeed.com/rc/clk?jk=d5d2d6fb2970ce65&fccid=df93e1c82dcbc13a&vjs=3,None
296,Analyste TI - développeur(euse) en solutions géomatiques,"Ville de Laval, QC","Laval, QC",https://ca.indeed.com/rc/clk?jk=881043f000f85122&fccid=3b70ff821e87fd20&vjs=3,4.2
297,Développeur en solutions géomatiques,CGI Inc,"Montréal, QC",https://ca.indeed.com/rc/clk?jk=9dea53d89ea78b95&fccid=43a69183767d4301&vjs=3,3.6
298,Intermediate Smallworld Developer,Fujitsu,"Burnaby, BC",https://ca.indeed.com/rc/clk?jk=b345d9fc54c26b14&fccid=0d771a787e6e10bd&vjs=3,3.6
299,Product Manager Associate Director,IHS Markit,"Calgary, AB",https://ca.indeed.com/rc/clk?jk=ef91872098ad089a&fccid=c4ba6202af4dda9d&vjs=3,3.6
