,Title,Link
0,Lean Officer(NEW),https://www.vietnamworks.com/lean-officer-6-1439554-jd/?source=searchResults&searchType=2&placement=1439555&sortBy=date
1,DevOps Engineer(NEW),https://www.vietnamworks.com/devops-engineer-110-1-1-1-1439541-jd/?source=searchResults&searchType=2&placement=1439542&sortBy=date
2,Accountant (8 month Temporary)(NEW),https://www.vietnamworks.com/accountant-8-month-temporary-1-1439561-jd/?source=searchResults&searchType=2&placement=1439562&sortBy=date
3,IT Engineer(NEW),https://www.vietnamworks.com/it-engineer-116-1-1-1-1439557-jd/?source=searchResults&searchType=2&placement=1439558&sortBy=date
4,Chuyên Viên Kiểm Soát Tuân Thủ(NEW),https://www.vietnamworks.com/chuyen-vien-kiem-soat-tuan-thu-16-1-2-1439553-jd/?source=searchResults&searchType=2&placement=1439554&sortBy=date
5,Supervisor - Tiếng Nhật - Phòng Sale(NEW),https://www.vietnamworks.com/supervisor-tieng-nhat-phong-sale-1436729-jd/?source=searchResults&searchType=2&placement=1436730&sortBy=date
6,IT Manager – Back Office Division(NEW),https://www.vietnamworks.com/it-manager-back-office-division-1436707-jd/?source=searchResults&searchType=2&placement=1436708&sortBy=date
7,Hot Job - Nhân Viên Xuất Nhập Khẩu (Lương Thưởng Hấp Dẫn)(NEW),https://www.vietnamworks.com/hot-job-nhan-vien-xuat-nhap-khau-luong-thuong-hap-dan-1436689-jd/?source=searchResults&searchType=2&placement=1436690&sortBy=date
8,General Accountant for Luxury Brand - Attractive Salary & Benefits(NEW),https://www.vietnamworks.com/general-accountant-for-luxury-brand-attractive-salary-benefits-1436191-jd/?source=searchResults&searchType=2&placement=1436192&sortBy=date
9,Chuyên Viên Kinh Doanh (Thương Mại Điện Tử)(NEW),https://www.vietnamworks.com/chuyen-vien-kinh-doanh-thuong-mai-dien-tu-6-1436103-jd/?source=searchResults&searchType=2&placement=1436104&sortBy=date
10,Java Developer (Thu Nhập Tương Đương Từ 14 - 22 Tháng Lương)(NEW),https://www.vietnamworks.com/java-developer-thu-nhap-tuong-duong-tu-14-22-thang-luong-1-1-1434881-jd/?source=searchResults&searchType=2&placement=1434882&sortBy=date
11,Logistics Executive (Salary up to 500$ Per month)(NEW),https://www.vietnamworks.com/logistics-executive-salary-up-to-500-per-month-1-1434139-jd/?source=searchResults&searchType=2&placement=1434140&sortBy=date
12,Customs Liquidation & Customs Declaration Staff (Experienced) (Salary up to 650$ Per month)(NEW),https://www.vietnamworks.com/customs-liquidation-customs-declaration-staff-experienced-salary-up-to-650-per-month-1-1434138-jd/?source=searchResults&searchType=2&placement=1434139&sortBy=date
13,Chuyên Viên Kinh Doanh Thiết Bị Y Tế - [Mức Lương 8M -10M + Phụ Cấp + Thưởng](NEW),https://www.vietnamworks.com/chuyen-vien-kinh-doanh-thiet-bi-y-te-muc-luong-8m-10m-phu-cap-thuong-1-1434112-jd/?source=searchResults&searchType=2&placement=1434113&sortBy=date
14,Trade Operation Officer(NEW),https://www.vietnamworks.com/trade-operation-officer-1434015-jd/?source=searchResults&searchType=2&placement=1434016&sortBy=date
15,Nhân Viên PR - Quản Lý Đô Thị(NEW),https://www.vietnamworks.com/nhan-vien-pr-quan-ly-do-thi-1434010-jd/?source=searchResults&searchType=2&placement=1434011&sortBy=date
16,Country Manager – Vietnam(NEW),https://www.vietnamworks.com/country-manager-vietnam-15-1434005-jd/?source=searchResults&searchType=2&placement=1434006&sortBy=date
17,"Sales Team Leader (Fix Allowence $1,200)(NEW)",https://www.vietnamworks.com/sales-team-leader-fix-allowence-1-200-1433627-jd/?source=searchResults&searchType=2&placement=1433628&sortBy=date
18,Service Advisor (Rolls-Royce Motorcars)(NEW),https://www.vietnamworks.com/service-advisor-rolls-royce-motorcars-1-1433581-jd/?source=searchResults&searchType=2&placement=1433582&sortBy=date
19,Overseas Purchasing Executive(NEW),https://www.vietnamworks.com/overseas-purchasing-executive-1432141-jd/?source=searchResults&searchType=2&placement=1432142&sortBy=date
20,Chuyên Viên Kinh Doanh (Tiếng Anh)(NEW),https://www.vietnamworks.com/chuyen-vien-kinh-doanh-tieng-anh-3-1-2-1-1432138-jd/?source=searchResults&searchType=2&placement=1432139&sortBy=date
21,Specifier Engineer(NEW),https://www.vietnamworks.com/specifier-engineer-1431884-jd/?source=searchResults&searchType=2&placement=1431885&sortBy=date
22,Điều Phối Đội Xe Container(NEW),https://www.vietnamworks.com/dieu-phoi-doi-xe-container-1-1431488-jd/?source=searchResults&searchType=2&placement=1431489&sortBy=date
23,Senior Legal & Compliance Executive in Hanoi(NEW),https://www.vietnamworks.com/senior-legal-compliance-executive-in-hanoi-1-1431482-jd/?source=searchResults&searchType=2&placement=1431483&sortBy=date
24,Nhân Viên Phòng Mua Hàng(NEW),https://www.vietnamworks.com/nhan-vien-phong-mua-hang-61-1-1431480-jd/?source=searchResults&searchType=2&placement=1431481&sortBy=date
25,Sales Executive(NEW),https://www.vietnamworks.com/sales-executive-1849-1431461-jd/?source=searchResults&searchType=2&placement=1431462&sortBy=date
26,Software Engineer (C/C++ or Java) - Sign On Bonus & Relocation Bonus(NEW),https://www.vietnamworks.com/software-engineer-c-c-plus-plus-or-java-sign-on-bonus-relocation-bonus-1431442-jd/?source=searchResults&searchType=2&placement=1431443&sortBy=date
27,Rider E-Learning Executive(NEW),https://www.vietnamworks.com/rider-e-learning-executive-1431348-jd/?source=searchResults&searchType=2&placement=1431349&sortBy=date
28,IT Helpdesk(NEW),https://www.vietnamworks.com/it-helpdesk-72-1-1-1430259-jd/?source=searchResults&searchType=2&placement=1430260&sortBy=date
29,HCM - Chuyên Viên Quan Hệ Khách Hàng Doanh Nghiệp(NEW),https://www.vietnamworks.com/hcm-chuyen-vien-quan-he-khach-hang-doanh-nghiep-3-1430222-jd/?source=searchResults&searchType=2&placement=1430223&sortBy=date
30,Microbiologist/ Nhân Viên Phòng Vi Sinh(NEW),https://www.vietnamworks.com/microbiologist-nhan-vien-phong-vi-sinh-1430183-jd/?source=searchResults&searchType=2&placement=1430184&sortBy=date
31,QC Specialist/ Kiểm Soát Viên Đa Năng(NEW),https://www.vietnamworks.com/qc-specialist-kiem-soat-vien-da-nang-1430172-jd/?source=searchResults&searchType=2&placement=1430173&sortBy=date
32,Web Developer (Chấp Nhận Sinh Viên Mới Ra Trường)(NEW),https://www.vietnamworks.com/web-developer-chap-nhan-sinh-vien-moi-ra-truong-1429093-jd/?source=searchResults&searchType=2&placement=1429094&sortBy=date
33,Chuyên Viên Tuyển Dụng IT(NEW),https://www.vietnamworks.com/chuyen-vien-tuyen-dung-it-3-1429089-jd/?source=searchResults&searchType=2&placement=1429090&sortBy=date
34,QA Engineer (Urgent)(NEW),https://www.vietnamworks.com/qa-engineer-urgent-2-1-1439518-jd/?source=searchResults&searchType=2&placement=1439519&sortBy=date
35,Quality Assurance Staff - QA Staff/ Nhân Viên Đảm Bảo Chất Lượng(NEW),https://www.vietnamworks.com/quality-assurance-staff-qa-staff-nhan-vien-dam-bao-chat-luong-1-1436593-jd/?source=searchResults&searchType=2&placement=1436594&sortBy=date
36,Production Control Staff - Nhân Viên Quản Lý Sản Xuất (01 Permanent & 01 Short Term 7 Months)(NEW),https://www.vietnamworks.com/production-control-staff-nhan-vien-quan-ly-san-xuat-01-permanent-01-short-term-7-months-1-1436592-jd/?source=searchResults&searchType=2&placement=1436593&sortBy=date
37,Cán Bộ Môi Giới – VCBS Hội Sở Chính(NEW),https://www.vietnamworks.com/can-bo-moi-gioi-vcbs-hoi-so-chinh-1-1436582-jd/?source=searchResults&searchType=2&placement=1436583&sortBy=date
38,IT Staff(NEW),https://www.vietnamworks.com/it-staff-147-1-1-1436569-jd/?source=searchResults&searchType=2&placement=1436570&sortBy=date
39,[HN - HCM] - Chuyên Viên Kinh Doanh Thiết Bị Y Tế(NEW),https://www.vietnamworks.com/hn-hcm-chuyen-vien-kinh-doanh-thiet-bi-y-te-1-1436568-jd/?source=searchResults&searchType=2&placement=1436569&sortBy=date
40,Junior Project Manager ( IT Communicator)(NEW),https://www.vietnamworks.com/junior-project-manager-it-communicator-1-1436563-jd/?source=searchResults&searchType=2&placement=1436564&sortBy=date
41,Họa Viên Kết Cấu(NEW),https://www.vietnamworks.com/hoa-vien-ket-cau-14-1-1436556-jd/?source=searchResults&searchType=2&placement=1436557&sortBy=date
42,Production Engineering Staff (01 Person)/nhân Viên Kỹ Thuật Sản Xuất(NEW),https://www.vietnamworks.com/production-engineering-staff-01-person-nhan-vien-ky-thuat-san-xuat-1436555-jd/?source=searchResults&searchType=2&placement=1436556&sortBy=date
43,Senior Devops Engineer(NEW),https://www.vietnamworks.com/senior-devops-engineer-25-1-1-1436548-jd/?source=searchResults&searchType=2&placement=1436549&sortBy=date
44,Java Developer – 2+ Years’ Experience(NEW),https://www.vietnamworks.com/java-developer-2-years-experience-1-1-1436545-jd/?source=searchResults&searchType=2&placement=1436546&sortBy=date
45,Front-End Web Developer (Html/css/js -Up to $900)(NEW),https://www.vietnamworks.com/front-end-web-developer-html-css-js-up-to-900-4-1-1436533-jd/?source=searchResults&searchType=2&placement=1436534&sortBy=date
46,Copywriter/ux Writer(NEW),https://www.vietnamworks.com/copywriter-ux-writer-1436529-jd/?source=searchResults&searchType=2&placement=1436530&sortBy=date
47,Thiết Kế Mô Hình 3D (Thiệp 3D Pop-Up Cards )(NEW),https://www.vietnamworks.com/thiet-ke-mo-hinh-3d-thiep-3d-pop-up-cards-4-1436514-jd/?source=searchResults&searchType=2&placement=1436515&sortBy=date
48,Nữ Nhân Viên Kinh Doanh Quốc Tế - Chỉ Yêu Cầu Tiếng Anh (Chấp Nhận Sinh Viên Mới RA Trường)(NEW),https://www.vietnamworks.com/nu-nhan-vien-kinh-doanh-quoc-te-chi-yeu-cau-tieng-anh-chap-nhan-sinh-vien-moi-ra-truong-2-1436507-jd/?source=searchResults&searchType=2&placement=1436508&sortBy=date
49,Chuyên Viên SEO Marketing(NEW),https://www.vietnamworks.com/chuyen-vien-seo-marketing-6-1436501-jd/?source=searchResults&searchType=2&placement=1436502&sortBy=date
50,Reporting & Data Management Assistant Manager(NEW),https://www.vietnamworks.com/reporting-data-management-assistant-manager-1436496-jd/?source=searchResults&searchType=2&placement=1436497&sortBy=date
51,Senior Backend Engineer (Java)(NEW),https://www.vietnamworks.com/senior-backend-engineer-java-1-1-1436486-jd/?source=searchResults&searchType=2&placement=1436487&sortBy=date
52,"Mobile Apps Dev (Android, Java, Kotlin)(NEW)",https://www.vietnamworks.com/mobile-apps-dev-android-java-kotlin-1-1-1-1436483-jd/?source=searchResults&searchType=2&placement=1436484&sortBy=date
53,Thiết Kế Đồ Họa Vi Tính – Computer Graphic Designer(NEW),https://www.vietnamworks.com/thiet-ke-do-hoa-vi-tinh-computer-graphic-designer-3-1-1-1-1-1-3-1436481-jd/?source=searchResults&searchType=2&placement=1436482&sortBy=date
54,Software Engineer In Test(NEW),https://www.vietnamworks.com/software-engineer-in-test-5-2-1-1-1-1436480-jd/?source=searchResults&searchType=2&placement=1436481&sortBy=date
55,Senior QA Automation Engineer(NEW),https://www.vietnamworks.com/senior-qa-automation-engineer-11-1-1-1436477-jd/?source=searchResults&searchType=2&placement=1436478&sortBy=date
56,Senior Tech Recruiter(NEW),https://www.vietnamworks.com/senior-tech-recruiter-3-1-1436434-jd/?source=searchResults&searchType=2&placement=1436435&sortBy=date
57,Kiến Trúc Sư Cảnh Quan(NEW),https://www.vietnamworks.com/kien-truc-su-canh-quan-37-1-1436420-jd/?source=searchResults&searchType=2&placement=1436421&sortBy=date
58,Assistant Director of Sales(NEW),https://www.vietnamworks.com/assistant-director-of-sales-16-1436419-jd/?source=searchResults&searchType=2&placement=1436420&sortBy=date
59,Fresher Data Engineer(NEW),https://www.vietnamworks.com/fresher-data-engineer-1436415-jd/?source=searchResults&searchType=2&placement=1436416&sortBy=date
60,Fresher C#/.net(NEW),https://www.vietnamworks.com/fresher-c-sharp-net-1-1436411-jd/?source=searchResults&searchType=2&placement=1436412&sortBy=date
61,Fresher Tester(NEW),https://www.vietnamworks.com/fresher-tester-1-1436405-jd/?source=searchResults&searchType=2&placement=1436406&sortBy=date
62,Fresher Java(NEW),https://www.vietnamworks.com/fresher-java-1-1436391-jd/?source=searchResults&searchType=2&placement=1436392&sortBy=date
63,Production Superintendent(NEW),https://www.vietnamworks.com/production-superintendent-3-1-1-1436365-jd/?source=searchResults&searchType=2&placement=1436366&sortBy=date
64,Marketing Director(NEW),https://www.vietnamworks.com/marketing-director-134-1-1436364-jd/?source=searchResults&searchType=2&placement=1436365&sortBy=date
65,Technical Writer Manager(NEW),https://www.vietnamworks.com/technical-writer-manager-1-1436361-jd/?source=searchResults&searchType=2&placement=1436362&sortBy=date
66,Material Controller(NEW),https://www.vietnamworks.com/material-controller-5-1-1436350-jd/?source=searchResults&searchType=2&placement=1436351&sortBy=date
67,Sales Engineer(NEW),https://www.vietnamworks.com/sales-engineer-737-1436349-jd/?source=searchResults&searchType=2&placement=1436350&sortBy=date
68,Nhân Viên Kinh Doanh Thị Trường(NEW),https://www.vietnamworks.com/nhan-vien-kinh-doanh-thi-truong-103-1-1436326-jd/?source=searchResults&searchType=2&placement=1436327&sortBy=date
69,Kỹ Sư Giám Sát(NEW),https://www.vietnamworks.com/ky-su-giam-sat-33-1-1436321-jd/?source=searchResults&searchType=2&placement=1436522&sortBy=date
70,Kỹ Sư Điện(NEW),https://www.vietnamworks.com/ky-su-dien-618-1-1436320-jd/?source=searchResults&searchType=2&placement=1436521&sortBy=date
71,Technical Services Manager and Formulation Manager- Asia(NEW),https://www.vietnamworks.com/technical-services-manager-and-formulation-manager-asia-1436311-jd/?source=searchResults&searchType=2&placement=1436512&sortBy=date
72,Kỹ Sư Quản Lý Chất Lượng Nhà Cung Cấp - SQE (Tiếng Trung/tiếng Anh)(NEW),https://www.vietnamworks.com/ky-su-quan-ly-chat-luong-nha-cung-cap-sqe-tieng-trung-tieng-anh-1-1436297-jd/?source=searchResults&searchType=2&placement=1436498&sortBy=date
73,Trưởng Bộ Phận Quản Lý Chất Lượng(NEW),https://www.vietnamworks.com/truong-bo-phan-quan-ly-chat-luong-12-1-1436296-jd/?source=searchResults&searchType=2&placement=1436497&sortBy=date
74,Kiến Trúc Sư ( Kỹ Sư Thiết Kế )(NEW),https://www.vietnamworks.com/kien-truc-su-ky-su-thiet-ke-74-1436261-jd/?source=searchResults&searchType=2&placement=1436462&sortBy=date
75,"Kỹ Sư Bảo Trì, Điện - Tự Động Hóa(NEW)",https://www.vietnamworks.com/ky-su-bao-tri-dien-tu-dong-hoa-1436253-jd/?source=searchResults&searchType=2&placement=1436454&sortBy=date
76,[Khu Vực Hà Nội] Chuyên Viên Tư Vấn Tài Chính Cấp Cao – Kênh Hợp Tác Ngân Hàng Nước Ngoài(NEW),https://www.vietnamworks.com/khu-vuc-ha-noi-chuyen-vien-tu-van-tai-chinh-cap-cao-kenh-hop-tac-ngan-hang-nuoc-ngoai-1436250-jd/?source=searchResults&searchType=2&placement=1436451&sortBy=date
77,[Khu Vực HCM] Chuyên Viên Tư Vấn Tài Chính Cấp Cao – Kênh Hợp Tác Ngân Hàng Nước Ngoài(NEW),https://www.vietnamworks.com/khu-vuc-hcm-chuyen-vien-tu-van-tai-chinh-cap-cao-kenh-hop-tac-ngan-hang-nuoc-ngoai-1436226-jd/?source=searchResults&searchType=2&placement=1436427&sortBy=date
78,Chuyên Gia Nghiên Cứu và Phát Triển Sản Phẩm Tín Dụng - K.KHDN(NEW),https://www.vietnamworks.com/chuyen-gia-nghien-cuu-va-phat-trien-san-pham-tin-dung-k-khdn-1436220-jd/?source=searchResults&searchType=2&placement=1436421&sortBy=date
79,Chuyên Viên Kinh Doanh Ngoại Hối 2 - Phòng Kinh Doanh Ngoại Hối và Sản Phẩm Phái Sinh(NEW),https://www.vietnamworks.com/chuyen-vien-kinh-doanh-ngoai-hoi-2-phong-kinh-doanh-ngoai-hoi-va-san-pham-phai-sinh-1436216-jd/?source=searchResults&searchType=2&placement=1436417&sortBy=date
80,Chuyên Viên Kiểm Thử - K.CNTT(NEW),https://www.vietnamworks.com/chuyen-vien-kiem-thu-k-cntt-1436211-jd/?source=searchResults&searchType=2&placement=1436412&sortBy=date
81,"Lập Trình Viên Java, J2Ee/web Service/jms, Oracle Database ( Non-Mobile Application)(NEW)",https://www.vietnamworks.com/lap-trinh-vien-java-j2ee-web-service-jms-oracle-database-non-mobile-application-1436206-jd/?source=searchResults&searchType=2&placement=1436407&sortBy=date
82,Chuyên Viên SOC và Hỗ Trợ Dự Án Security(NEW),https://www.vietnamworks.com/chuyen-vien-soc-va-ho-tro-du-an-security-1-1436196-jd/?source=searchResults&searchType=2&placement=1436397&sortBy=date
83,Sales Executive - Nhân Viên Kinh Doanh(NEW),https://www.vietnamworks.com/sales-executive-nhan-vien-kinh-doanh-135-1436192-jd/?source=searchResults&searchType=2&placement=1436393&sortBy=date
84,Chuyên Viên Đào Tạo (Tiếng Anh Giao Tiếp Thành thạo)(NEW),https://www.vietnamworks.com/chuyen-vien-dao-tao-tieng-anh-giao-tiep-thanh-thao-1436181-jd/?source=searchResults&searchType=2&placement=1436382&sortBy=date
85,Cloud Data Engineer - Salary up to 4000$ & Joining Bonus up to 30M VND(NEW),https://www.vietnamworks.com/cloud-data-engineer-salary-up-to-4000-joining-bonus-up-to-30m-vnd-1-1-1435163-jd/?source=searchResults&searchType=2&placement=1435364&sortBy=date
86,Kỹ Sư Công Nghệ Thông Tin - 10 Người(NEW),https://www.vietnamworks.com/ky-su-cong-nghe-thong-tin-10-nguoi-1-1435142-jd/?source=searchResults&searchType=2&placement=1435343&sortBy=date
87,Tuyển Dev Reactjs/ React Native(NEW),https://www.vietnamworks.com/tuyen-dev-reactjs-react-native-2-1435139-jd/?source=searchResults&searchType=2&placement=1435340&sortBy=date
88,Senior IT Recruiter(NEW),https://www.vietnamworks.com/senior-it-recruiter-50-1435079-jd/?source=searchResults&searchType=2&placement=1435280&sortBy=date
89,Scrum Master(NEW),https://www.vietnamworks.com/scrum-master-56-1-1435000-jd/?source=searchResults&searchType=2&placement=1435201&sortBy=date
90,IT Business Analyst - Crm/ecommerce System - Attractive Salary & Benefits(NEW),https://www.vietnamworks.com/it-business-analyst-crm-ecommerce-system-attractive-salary-benefits-1434908-jd/?source=searchResults&searchType=2&placement=1435109&sortBy=date
91,Data Analyst (Mức Lương 15-23 Triệu)(NEW),https://www.vietnamworks.com/data-analyst-muc-luong-15-23-trieu-1-1-1434896-jd/?source=searchResults&searchType=2&placement=1435097&sortBy=date
92,"Trưởng Phòng Phát Triển Phần Mềm (Pm, 30-45M)(NEW)",https://www.vietnamworks.com/truong-phong-phat-trien-phan-mem-pm-30-45m-1434889-jd/?source=searchResults&searchType=2&placement=1435090&sortBy=date
93,02 Nhân Viên IT(NEW),https://www.vietnamworks.com/02-nhan-vien-it-5-1-1434886-jd/?source=searchResults&searchType=2&placement=1435087&sortBy=date
94,Technical Architect (Java/nodejs)(NEW),https://www.vietnamworks.com/technical-architect-java-nodejs-1434793-jd/?source=searchResults&searchType=2&placement=1434994&sortBy=date
95,Broadcast Technician (Game Studio)(NEW),https://www.vietnamworks.com/broadcast-technician-game-studio-1434781-jd/?source=searchResults&searchType=2&placement=1434982&sortBy=date
96,Devops/ System Engineer(NEW),https://www.vietnamworks.com/devops-system-engineer-4-1-1-1-1434772-jd/?source=searchResults&searchType=2&placement=1434973&sortBy=date
97,Data Engineer (14 - 50 Triệu)(NEW),https://www.vietnamworks.com/data-engineer-14-50-trieu-1-1-1-1434768-jd/?source=searchResults&searchType=2&placement=1434969&sortBy=date
98,Project Manager (Software)(NEW),https://www.vietnamworks.com/project-manager-software-2-1434759-jd/?source=searchResults&searchType=2&placement=1434960&sortBy=date
99,Phó Giám Đốc Chi Nhánh(NEW),https://www.vietnamworks.com/pho-giam-doc-chi-nhanh-30-1-1434756-jd/?source=searchResults&searchType=2&placement=1434957&sortBy=date
100,Product Specialist - Financial Services(NEW),https://www.vietnamworks.com/product-specialist-financial-services-1433933-jd/?source=searchResults&searchType=2&placement=1434134&sortBy=date
101,Fresher 5G Engineer(NEW),https://www.vietnamworks.com/fresher-5g-engineer-1433916-jd/?source=searchResults&searchType=2&placement=1434117&sortBy=date
102,Backend Developer(NEW),https://www.vietnamworks.com/backend-developer-37-1-1433908-jd/?source=searchResults&searchType=2&placement=1434109&sortBy=date
103,HR Officer(NEW),https://www.vietnamworks.com/hr-officer-121-1-1433906-jd/?source=searchResults&searchType=2&placement=1434107&sortBy=date
104,Simulation Tool Developer(NEW),https://www.vietnamworks.com/simulation-tool-developer-1-1433900-jd/?source=searchResults&searchType=2&placement=1434101&sortBy=date
105,Trưởng Phòng Kinh Doanh(NEW),https://www.vietnamworks.com/truong-phong-kinh-doanh-1660-1-1433879-jd/?source=searchResults&searchType=2&placement=1434080&sortBy=date
106,Nhân Viên Kỹ Thuật Công Nghệ(NEW),https://www.vietnamworks.com/nhan-vien-ky-thuat-cong-nghe-7-1-1433860-jd/?source=searchResults&searchType=2&placement=1434061&sortBy=date
107,Phó Phòng Pháp Chế và Tuân Thủ (Legal and Compliance Deputy Manager)(NEW),https://www.vietnamworks.com/pho-phong-phap-che-va-tuan-thu-legal-and-compliance-deputy-manager-1433859-jd/?source=searchResults&searchType=2&placement=1434060&sortBy=date
108,[R&D] Mechanical Simulation Engineer (with Matlab or Python Skill)(NEW),https://www.vietnamworks.com/r-d-mechanical-simulation-engineer-with-matlab-or-python-skill-1-1-2-1433851-jd/?source=searchResults&searchType=2&placement=1434052&sortBy=date
109,Nhân Viên Truyền Thông - Làm Tại Hải Dương(NEW),https://www.vietnamworks.com/nhan-vien-truyen-thong-lam-tai-hai-duong-1-1-1-1433836-jd/?source=searchResults&searchType=2&placement=1434037&sortBy=date
110,Kỹ Sư Cơ - HVAC(NEW),https://www.vietnamworks.com/ky-su-co-hvac-2-1433818-jd/?source=searchResults&searchType=2&placement=1434019&sortBy=date
111,Nhân Viên Kinh Doanh Thiết Bị Y Tế(NEW),https://www.vietnamworks.com/nhan-vien-kinh-doanh-thiet-bi-y-te-127-1-1-1-1433802-jd/?source=searchResults&searchType=2&placement=1434003&sortBy=date
112,[HOT JOB] Trưởng Nhóm Kinh Doanh Thương Mại Quốc Tế (Lương Hấp Dẫn Từ 15 - 30 Triệu)(NEW),https://www.vietnamworks.com/hot-job-truong-nhom-kinh-doanh-thuong-mai-quoc-te-luong-hap-dan-tu-15-30-trieu-1433800-jd/?source=searchResults&searchType=2&placement=1434001&sortBy=date
113,Chuyên Viên Tư Vấn Bảo Hiểm Nhân Thọ - Kênh Full Time Agent (Toàn Thời Gian)(NEW),https://www.vietnamworks.com/chuyen-vien-tu-van-bao-hiem-nhan-tho-kenh-full-time-agent-toan-thoi-gian-1433796-jd/?source=searchResults&searchType=2&placement=1433997&sortBy=date
114,Product Owner(NEW),https://www.vietnamworks.com/product-owner-86-1433788-jd/?source=searchResults&searchType=2&placement=1433989&sortBy=date
115,Big Data - Hadoop Engineer (up to 4000Usd)(NEW),https://www.vietnamworks.com/big-data-hadoop-engineer-up-to-4000usd-2-1433773-jd/?source=searchResults&searchType=2&placement=1433974&sortBy=date
116,Lập Trình Viên Fullstack(NEW),https://www.vietnamworks.com/lap-trinh-vien-fullstack-1-1433768-jd/?source=searchResults&searchType=2&placement=1433969&sortBy=date
117,Trưởng Nhóm Thiết Kế M&E Cho Dự Án Nhà Máy(NEW),https://www.vietnamworks.com/truong-nhom-thiet-ke-m-e-cho-du-an-nha-may-1433749-jd/?source=searchResults&searchType=2&placement=1433950&sortBy=date
118,New Product Development Engineer(15 ~ 30 Triệu /tháng)(NEW),https://www.vietnamworks.com/new-product-development-engineer-15-30-trieu-thang-1433725-jd/?source=searchResults&searchType=2&placement=1433926&sortBy=date
119,Corporate Reappraisal Officer(NEW),https://www.vietnamworks.com/corporate-reappraisal-officer-1-1433717-jd/?source=searchResults&searchType=2&placement=1433918&sortBy=date
120,Kỹ Sư Kinh Doanh(NEW),https://www.vietnamworks.com/ky-su-kinh-doanh-50-1433703-jd/?source=searchResults&searchType=2&placement=1433904&sortBy=date
121,"Lập Trình Viên C#, Java(NEW)",https://www.vietnamworks.com/lap-trinh-vien-c-sharp-java-1433690-jd/?source=searchResults&searchType=2&placement=1433891&sortBy=date
122,Giám Đốc Sàn Giao Dịch(NEW),https://www.vietnamworks.com/giam-doc-san-giao-dich-2-1-1-1433614-jd/?source=searchResults&searchType=2&placement=1433815&sortBy=date
123,Lập Trình Viên .NET(NEW),https://www.vietnamworks.com/lap-trinh-vien-net-135-1-1433603-jd/?source=searchResults&searchType=2&placement=1433804&sortBy=date
124,Junior Analog Circuit Design Engineer(NEW),https://www.vietnamworks.com/junior-analog-circuit-design-engineer-1433591-jd/?source=searchResults&searchType=2&placement=1433792&sortBy=date
125,Senior Software Developer (Java/javascript)(NEW),https://www.vietnamworks.com/senior-software-developer-java-javascript-1-1-1433574-jd/?source=searchResults&searchType=2&placement=1433775&sortBy=date
126,Back- End Engineer(NEW),https://www.vietnamworks.com/back-end-engineer-12-1-1433571-jd/?source=searchResults&searchType=2&placement=1433772&sortBy=date
127,Trucking Operator(NEW),https://www.vietnamworks.com/trucking-operator-1433557-jd/?source=searchResults&searchType=2&placement=1433758&sortBy=date
128,Test Engineer – Sign on Bonus & Salary up to 1500$(NEW),https://www.vietnamworks.com/test-engineer-sign-on-bonus-salary-up-to-1500-1-1433518-jd/?source=searchResults&searchType=2&placement=1433719&sortBy=date
129,"Web Developer (Java, Spring, AngularJS) Salary Up to 2000$(NEW)",https://www.vietnamworks.com/web-developer-java-spring-angularjs-salary-up-to-2000-1-1433506-jd/?source=searchResults&searchType=2&placement=1433707&sortBy=date
130,Senior UI/UX Designer (Thu Nhập Lên Đến $1500)(NEW),https://www.vietnamworks.com/senior-ui-ux-designer-thu-nhap-len-den-1500-2-1-1433505-jd/?source=searchResults&searchType=2&placement=1433706&sortBy=date
131,"Manager, Credit Analytics & Portfolio Monitoring – Risk Management(NEW)",https://www.vietnamworks.com/manager-credit-analytics-portfolio-monitoring-risk-management-1433485-jd/?source=searchResults&searchType=2&placement=1433686&sortBy=date
132,Associate Product Owner / IT Comtor ( Salary Upto $1500 )(NEW),https://www.vietnamworks.com/associate-product-owner-it-comtor-salary-upto-1500-1429049-jd/?source=searchResults&searchType=2&placement=1429250&sortBy=date
133,System Admin - IT Support (Thu Nhập Up to 25M)(NEW),https://www.vietnamworks.com/system-admin-it-support-thu-nhap-up-to-25m-1430209-jd/?source=searchResults&searchType=2&placement=1430410&sortBy=date
134,Landscape Executive(NEW),https://www.vietnamworks.com/landscape-executive-1439428-jd/?source=searchResults&searchType=2&placement=1439629&sortBy=date
135,Embedded Software Engineer(NEW),https://www.vietnamworks.com/embedded-software-engineer-62-1-1-1-1-1439368-jd/?source=searchResults&searchType=2&placement=1439569&sortBy=date
136,Compensation & Benefits Manager – 1 Year contract(NEW),https://www.vietnamworks.com/compensation-benefits-manager-1-year-contract-1439463-jd/?source=searchResults&searchType=2&placement=1439864&sortBy=date
137,Sales Manager(NEW),https://www.vietnamworks.com/sales-manager-1416-1439420-jd/?source=searchResults&searchType=2&placement=1439821&sortBy=date
138,Import & Export Supervisor/ Manager(NEW),https://www.vietnamworks.com/import-export-supervisor-manager-1439391-jd/?source=searchResults&searchType=2&placement=1439792&sortBy=date
139,Chuyên Viên Lập Trình(NEW),https://www.vietnamworks.com/chuyen-vien-lap-trinh-46-1-1439125-jd/?source=searchResults&searchType=2&placement=1439526&sortBy=date
140,Assistant Production Manager(NEW),https://www.vietnamworks.com/assistant-production-manager-23-1438895-jd/?source=searchResults&searchType=2&placement=1439296&sortBy=date
141,Trưởng Nhóm Hệ Thống và Chính Sách Nhân Sự(NEW),https://www.vietnamworks.com/truong-nhom-he-thong-va-chinh-sach-nhan-su-1437923-jd/?source=searchResults&searchType=2&placement=1438324&sortBy=date
142,Ground/ Trucking Planner (Supervision Level)(NEW),https://www.vietnamworks.com/ground-trucking-planner-supervision-level-1-1-1-1436709-jd/?source=searchResults&searchType=2&placement=1437110&sortBy=date
143,Operation Supervisor (E-Commerce)/ Quản Lý Dự Án Mảng TMĐT(NEW),https://www.vietnamworks.com/operation-supervisor-e-commerce-quan-ly-du-an-mang-tmdt-1-1436668-jd/?source=searchResults&searchType=2&placement=1437069&sortBy=date
144,Urgent - Accountant Staff(NEW),https://www.vietnamworks.com/urgent-accountant-staff-5-1436666-jd/?source=searchResults&searchType=2&placement=1437067&sortBy=date
145,3D Artist(NEW),https://www.vietnamworks.com/3d-artist-50-1436665-jd/?source=searchResults&searchType=2&placement=1437066&sortBy=date
146,System Analyst - Trainee (JWAT & Business Program)(NEW),https://www.vietnamworks.com/system-analyst-trainee-jwat-business-program-1436664-jd/?source=searchResults&searchType=2&placement=1437065&sortBy=date
147,Marketing Executive(NEW),https://www.vietnamworks.com/marketing-executive-938-1-1-1436248-jd/?source=searchResults&searchType=2&placement=1436649&sortBy=date
148,Trưởng Phòng Đào Tạo(NEW),https://www.vietnamworks.com/truong-phong-dao-tao-118-1-1435823-jd/?source=searchResults&searchType=2&placement=1436224&sortBy=date
149,Nhân Viên Tư Vấn Du Học (Thu Nhập Hấp Dẫn)(NEW),https://www.vietnamworks.com/nhan-vien-tu-van-du-hoc-thu-nhap-hap-dan-2-1-1435818-jd/?source=searchResults&searchType=2&placement=1436219&sortBy=date
150,"Kỹ Sư Thiết Kế Tủ Điện - Thu Nhập Hấp Dẫn, Cạnh Tranh(NEW)",https://www.vietnamworks.com/ky-su-thiet-ke-tu-dien-thu-nhap-hap-dan-canh-tranh-1-1435806-jd/?source=searchResults&searchType=2&placement=1436207&sortBy=date
151,Senior Product Manager(NEW),https://www.vietnamworks.com/senior-product-manager-33-1434654-jd/?source=searchResults&searchType=2&placement=1435055&sortBy=date
152,Chuyên Viên Kế Toán(NEW),https://www.vietnamworks.com/chuyen-vien-ke-toan-197-1-1434068-jd/?source=searchResults&searchType=2&placement=1434469&sortBy=date
153,Hà Nội - Nhân Viên Vận Hành Quảng Cáo (Fresher Marketing) - Upto: 12 Triệu(NEW),https://www.vietnamworks.com/ha-noi-nhan-vien-van-hanh-quang-cao-fresher-marketing-upto-12-trieu-1434064-jd/?source=searchResults&searchType=2&placement=1434465&sortBy=date
154,Java/.net Developers (Web/winform - Fresher)(NEW),https://www.vietnamworks.com/java-net-developers-web-winform-fresher-3-2-1434052-jd/?source=searchResults&searchType=2&placement=1434453&sortBy=date
155,Quản Lý Kinh Doanh Khu Vực Miền Bắc(NEW),https://www.vietnamworks.com/quan-ly-kinh-doanh-khu-vuc-mien-bac-2-1434039-jd/?source=searchResults&searchType=2&placement=1434440&sortBy=date
156,Customer Experience Measurement Program Specialist(NEW),https://www.vietnamworks.com/customer-experience-measurement-program-specialist-1434025-jd/?source=searchResults&searchType=2&placement=1434426&sortBy=date
157,Field Application Engineering (FAE)(NEW),https://www.vietnamworks.com/field-application-engineering-fae-2-1-1-1433970-jd/?source=searchResults&searchType=2&placement=1434371&sortBy=date
158,Chuyên Viên Đào Tạo(NEW),https://www.vietnamworks.com/chuyen-vien-dao-tao-238-1-1433566-jd/?source=searchResults&searchType=2&placement=1433967&sortBy=date
159,Warehouse Supervisor/Giám Sát Kho (Tiếng Anh/ Tiếng Hoa Giao Tiếp)(NEW),https://www.vietnamworks.com/warehouse-supervisor-giam-sat-kho-tieng-anh-tieng-hoa-giao-tiep-1432991-jd/?source=searchResults&searchType=2&placement=1433392&sortBy=date
160,Trưởng Phòng Vận Hành Trung Tâm Thương Mại(NEW),https://www.vietnamworks.com/truong-phong-van-hanh-trung-tam-thuong-mai-2-1-1432045-jd/?source=searchResults&searchType=2&placement=1432446&sortBy=date
161,Python Developers(NEW),https://www.vietnamworks.com/python-developers-3-1-2-1-1-1-1-1-1-1-1-1431712-jd/?source=searchResults&searchType=2&placement=1432113&sortBy=date
162,Actuarial Executive(NEW),https://www.vietnamworks.com/actuarial-executive-3-3-1-1431409-jd/?source=searchResults&searchType=2&placement=1431810&sortBy=date
163,Tuyển 02 Nhân Viên Kế Toán Thuế(NEW),https://www.vietnamworks.com/tuyen-02-nhan-vien-ke-toan-thue-1431356-jd/?source=searchResults&searchType=2&placement=1431757&sortBy=date
164,"Sales Executive for Luxury Watches – High Salary & Attractive Benefits (HN, HCM)(NEW)",https://www.vietnamworks.com/sales-executive-for-luxury-watches-high-salary-attractive-benefits-hn-hcm-1430251-jd/?source=searchResults&searchType=2&placement=1430652&sortBy=date
165,Trưởng Kinh Doanh Khu Vực(NEW),https://www.vietnamworks.com/truong-kinh-doanh-khu-vuc-5-1-1429643-jd/?source=searchResults&searchType=2&placement=1430044&sortBy=date
166,Nhân Viên An Toàn(NEW),https://www.vietnamworks.com/nhan-vien-an-toan-34-1429587-jd/?source=searchResults&searchType=2&placement=1429988&sortBy=date
167,R&D Specialist (Snack/ Pie)(NEW),https://www.vietnamworks.com/r-d-specialist-snack-pie-1-1439449-jd/?source=searchResults&searchType=2&placement=1439850&sortBy=date
168,Finance Staff(NEW),https://www.vietnamworks.com/finance-staff-11-1-1439453-jd/?source=searchResults&searchType=2&placement=1439854&sortBy=date
169,Product Manager (IoT Product)(NEW),https://www.vietnamworks.com/product-manager-iot-product-1439339-jd/?source=searchResults&searchType=2&placement=1439740&sortBy=date
170,Quality Assurance Technician (Preference to Female)(NEW),https://www.vietnamworks.com/quality-assurance-technician-preference-to-female-1-1439421-jd/?source=searchResults&searchType=2&placement=1439822&sortBy=date
171,"[ Bình Dương, Bình Phước ] Nhân Viên Kinh Doanh - Kênh GT(NEW)",https://www.vietnamworks.com/binh-duong-binh-phuoc-nhan-vien-kinh-doanh-kenh-gt-1439415-jd/?source=searchResults&searchType=2&placement=1439816&sortBy=date
172,Nhân Viên Kinh Doanh B2B - Attractive Salary(NEW),https://www.vietnamworks.com/nhan-vien-kinh-doanh-b2b-attractive-salary-1-1-1-1-1-1439413-jd/?source=searchResults&searchType=2&placement=1439814&sortBy=date
173,Chuyên Viên Triển Khai Và Tích Hợp Hệ Thống (S.i/ Network)(NEW),https://www.vietnamworks.com/chuyen-vien-trien-khai-va-tich-hop-he-thong-s-i-network-1-1-1-1439412-jd/?source=searchResults&searchType=2&placement=1439813&sortBy=date
174,Hospital Sales Representative(NEW),https://www.vietnamworks.com/hospital-sales-representative-1438324-jd/?source=searchResults&searchType=2&placement=1438725&sortBy=date
175,Branch Operations Specialist(NEW),https://www.vietnamworks.com/branch-operations-specialist-1438317-jd/?source=searchResults&searchType=2&placement=1438718&sortBy=date
176,Chuyên Viên Điều Phối Thiết Kế(NEW),https://www.vietnamworks.com/chuyen-vien-dieu-phoi-thiet-ke-1-1436629-jd/?source=searchResults&searchType=2&placement=1437030&sortBy=date
177,Nhân Viên Bộ Phận Tư Vấn Đầu Tư – Quản Lý Doanh Nghiệp(NEW),https://www.vietnamworks.com/nhan-vien-bo-phan-tu-van-dau-tu-quan-ly-doanh-nghiep-1-1436627-jd/?source=searchResults&searchType=2&placement=1437028&sortBy=date
178,Kế Toán Tổng Hợp Mảng Oversea(NEW),https://www.vietnamworks.com/ke-toan-tong-hop-mang-oversea-1434563-jd/?source=searchResults&searchType=2&placement=1434964&sortBy=date
179,Corporate Loan Manager - Trưởng Phòng Tín Dụng Doanh Nghiệp(NEW),https://www.vietnamworks.com/corporate-loan-manager-truong-phong-tin-dung-doanh-nghiep-1434255-jd/?source=searchResults&searchType=2&placement=1434656&sortBy=date
180,URGENT - Senior IT Recruiter (Up to 1500$ - Sign on Bonus)(NEW),https://www.vietnamworks.com/urgent-senior-it-recruiter-up-to-1500-sign-on-bonus-1-1434180-jd/?source=searchResults&searchType=2&placement=1434581&sortBy=date
181,Regulatory Affairs Executive(NEW),https://www.vietnamworks.com/regulatory-affairs-executive-38-1-1433971-jd/?source=searchResults&searchType=2&placement=1434372&sortBy=date
182,"Senior Android Engineer (Kotlin, Java)(NEW)",https://www.vietnamworks.com/senior-android-engineer-kotlin-java-3-1432515-jd/?source=searchResults&searchType=2&placement=1432916&sortBy=date
183,"Senior iOS Engineer (Swift, Objective-C)(NEW)",https://www.vietnamworks.com/senior-ios-engineer-swift-objective-c-1432510-jd/?source=searchResults&searchType=2&placement=1432911&sortBy=date
184,Nhân Viên Xử Lý Bản Vẽ Xây Dựng Nhà Ở Nhật Bản(NEW),https://www.vietnamworks.com/nhan-vien-xu-ly-ban-ve-xay-dung-nha-o-nhat-ban-1431518-jd/?source=searchResults&searchType=2&placement=1431919&sortBy=date
185,Nhân Viên Cải Tiến Sản Xuất (Six Sigma Black Belt)(NEW),https://www.vietnamworks.com/nhan-vien-cai-tien-san-xuat-six-sigma-black-belt-1-1431380-jd/?source=searchResults&searchType=2&placement=1431781&sortBy=date
186,Chuyên Viên Đào Tạo (HR Training and Development)(NEW),https://www.vietnamworks.com/chuyen-vien-dao-tao-hr-training-and-development-1-1431378-jd/?source=searchResults&searchType=2&placement=1431779&sortBy=date
187,Sales Planning(NEW),https://www.vietnamworks.com/sales-planning-4-1-2-1431371-jd/?source=searchResults&searchType=2&placement=1431772&sortBy=date
188,Senior Marketing Executive(NEW),https://www.vietnamworks.com/senior-marketing-executive-182-1431363-jd/?source=searchResults&searchType=2&placement=1431764&sortBy=date
189,[~$5000] Kỹ Sư Cầu Nối Tiếng Nhật (BrSE) Làm Việc Tại Hà Nội và Tokyo - Số Lượng: 05(NEW),https://www.vietnamworks.com/5000-ky-su-cau-noi-tieng-nhat-brse-lam-viec-tai-ha-noi-va-tokyo-so-luong-05-1431260-jd/?source=searchResults&searchType=2&placement=1431661&sortBy=date
190,"Assistant Manager, Planning(NEW)",https://www.vietnamworks.com/assistant-manager-planning-1-1430910-jd/?source=searchResults&searchType=2&placement=1431311&sortBy=date
191,Trưởng Phòng Kinh Doanh Dự Án (Ngành Kiến Trúc Nội Thất) - Thu Nhập Từ 20 – 40 Tr(NEW),https://www.vietnamworks.com/truong-phong-kinh-doanh-du-an-nganh-kien-truc-noi-that-thu-nhap-tu-20-40-tr-1430031-jd/?source=searchResults&searchType=2&placement=1430432&sortBy=date
192,Sales Support Officer(NEW),https://www.vietnamworks.com/sales-support-officer-17-1-2-1-1-1439407-jd/?source=searchResults&searchType=2&placement=1439808&sortBy=date
193,Chuyên Gia Tư Vấn Bảo Mật(NEW),https://www.vietnamworks.com/chuyen-gia-tu-van-bao-mat-1-1439406-jd/?source=searchResults&searchType=2&placement=1439807&sortBy=date
194,Kiến Trúc Sư(NEW),https://www.vietnamworks.com/kien-truc-su-1205-1438808-jd/?source=searchResults&searchType=2&placement=1439209&sortBy=date
195,Chuyên Viên Phân Tích Tín Dụng Position - Credit Analyst(NEW),https://www.vietnamworks.com/chuyen-vien-phan-tich-tin-dung-position-credit-analyst-3-1-1439356-jd/?source=searchResults&searchType=2&placement=1439757&sortBy=date
196,Mobile Dev (Ios/android/react Native)(NEW),https://www.vietnamworks.com/mobile-dev-ios-android-react-native-1438100-jd/?source=searchResults&searchType=2&placement=1438501&sortBy=date
197,Chuyên Viên Hành Chính Nhân Sự(NEW),https://www.vietnamworks.com/chuyen-vien-hanh-chinh-nhan-su-219-1437104-jd/?source=searchResults&searchType=2&placement=1437505&sortBy=date
198,"Trưởng Phòng Kinh Doanh ( Thu Nhập Trên 30 Triệu, Lương Cứng 20M + KPI + Full Chế Độ Đãi Ngộ )(NEW)",https://www.vietnamworks.com/truong-phong-kinh-doanh-thu-nhap-tren-30-trieu-luong-cung-20m-kpi-full-che-do-dai-ngo-1436964-jd/?source=searchResults&searchType=2&placement=1437365&sortBy=date
199,"Chuyên Viên Kinh Doanh ( Thu Nhập Trên 15 Triệu, Lương Cứng 7-15M + KPI + Full Chế Độ Đãi Ngộ )(NEW)",https://www.vietnamworks.com/chuyen-vien-kinh-doanh-thu-nhap-tren-15-trieu-luong-cung-7-15m-kpi-full-che-do-dai-ngo-1436962-jd/?source=searchResults&searchType=2&placement=1437363&sortBy=date
200,Senior Sales Engineer - Đà Nẵng(NEW),https://www.vietnamworks.com/senior-sales-engineer-da-nang-1436841-jd/?source=searchResults&searchType=2&placement=1437242&sortBy=date
201,Assistant Brand Manager(NEW),https://www.vietnamworks.com/assistant-brand-manager-207-1434165-jd/?source=searchResults&searchType=2&placement=1434566&sortBy=date
202,Junior Manual Tester (QA/QC)(NEW),https://www.vietnamworks.com/junior-manual-tester-qa-qc-2-1-1-1433955-jd/?source=searchResults&searchType=2&placement=1434356&sortBy=date
203,Marketing Project Manager(NEW),https://www.vietnamworks.com/marketing-project-manager-6-1431401-jd/?source=searchResults&searchType=2&placement=1431802&sortBy=date
204,Web Optimization Manager / CRO Specialist(NEW),https://www.vietnamworks.com/web-optimization-manager-cro-specialist-1431396-jd/?source=searchResults&searchType=2&placement=1431797&sortBy=date
205,Kỹ Sư Quy Trình & Thiết Bị(NEW),https://www.vietnamworks.com/ky-su-quy-trinh-thiet-bi-1-1431379-jd/?source=searchResults&searchType=2&placement=1431780&sortBy=date
206,Software Product Owner(NEW),https://www.vietnamworks.com/software-product-owner-2-1-1-1-1431351-jd/?source=searchResults&searchType=2&placement=1431752&sortBy=date
207,Phó Phòng Quản Lý Sản Xuất -Lĩnh Vực Cơ Khí Chính Xác ( Tiếng Nhật hoặc Tiếng Anh)(NEW),https://www.vietnamworks.com/pho-phong-quan-ly-san-xuat-linh-vuc-co-khi-chinh-xac-tieng-nhat-hoac-tieng-anh-1428709-jd/?source=searchResults&searchType=2&placement=1429110&sortBy=date
208,Accountant Receivable(NEW),https://www.vietnamworks.com/accountant-receivable-13-1439364-jd/?source=searchResults&searchType=2&placement=1439765&sortBy=date
209,Shift Supervisor(NEW),https://www.vietnamworks.com/shift-supervisor-2-1439360-jd/?source=searchResults&searchType=2&placement=1439761&sortBy=date
210,Lifting Supervisor(NEW),https://www.vietnamworks.com/lifting-supervisor-3-1439357-jd/?source=searchResults&searchType=2&placement=1439758&sortBy=date
211,Supervisor - Blades(NEW),https://www.vietnamworks.com/supervisor-blades-1439353-jd/?source=searchResults&searchType=2&placement=1439754&sortBy=date
212,Nhân Viên Phân Tích-Thiết Lập Dữ Liệu/ Data Foundation Analyst(NEW),https://www.vietnamworks.com/nhan-vien-phan-tich-thiet-lap-du-lieu-data-foundation-analyst-1431678-jd/?source=searchResults&searchType=2&placement=1432079&sortBy=date
213,Chuyên Viên Nhân Sự C&B(NEW),https://www.vietnamworks.com/chuyen-vien-nhan-su-c-b-53-1-1439350-jd/?source=searchResults&searchType=2&placement=1439751&sortBy=date
214,Quản Trị Viên Tập Sự (Sinh Viên Đại Học Tốt Nghiệp Trong Năm 2021)(NEW),https://www.vietnamworks.com/quan-tri-vien-tap-su-sinh-vien-dai-hoc-tot-nghiep-trong-nam-2021-2-1-2-1439349-jd/?source=searchResults&searchType=2&placement=1439750&sortBy=date
215,Chuyên Viên Tuyển Dụng(NEW),https://www.vietnamworks.com/chuyen-vien-tuyen-dung-585-1-1439348-jd/?source=searchResults&searchType=2&placement=1439749&sortBy=date
216,Senior/ Leader BrSE(NEW),https://www.vietnamworks.com/senior-leader-brse-1430399-jd/?source=searchResults&searchType=2&placement=1430800&sortBy=date
217,Senior Developer - Java or .NET (Japanese)(NEW),https://www.vietnamworks.com/senior-developer-java-or-net-japanese-1434707-jd/?source=searchResults&searchType=2&placement=1435108&sortBy=date
218,Senior Java Developer(NEW),https://www.vietnamworks.com/senior-java-developer-204-1434700-jd/?source=searchResults&searchType=2&placement=1435101&sortBy=date
219,"Full-Stack Developer (Java, Spring, ReactJS, AngularJS)",https://www.vietnamworks.com/full-stack-developer-java-spring-reactjs-angularjs-2-1-1-1-1-1-1-1-1-1434691-jd/?source=searchResults&searchType=2&placement=1435092&sortBy=date
220,Frontend Developer,https://www.vietnamworks.com/frontend-developer-53-1-1-1-1-1-1-1-1-1434690-jd/?source=searchResults&searchType=2&placement=1435091&sortBy=date
221,"Java API Developer (Java, Springboot, Restapi, Mulesoft)",https://www.vietnamworks.com/java-api-developer-java-springboot-restapi-mulesoft-1-1-1-1-1-1-1-1-1-1434689-jd/?source=searchResults&searchType=2&placement=1435090&sortBy=date
222,APM (Apps Performance Management) Intern- Paid Internship,https://www.vietnamworks.com/apm-apps-performance-management-intern-paid-internship-1-1-1434688-jd/?source=searchResults&searchType=2&placement=1435089&sortBy=date
223,Communication and Marketing Officer,https://www.vietnamworks.com/communication-and-marketing-officer-1-1433932-jd/?source=searchResults&searchType=2&placement=1434333&sortBy=date
224,Lập Trình Viên (Java/ .NET ) – Chấp Nhận Sinh Viên Mới Ra Trường (Entry/fresher),https://www.vietnamworks.com/lap-trinh-vien-java-net-chap-nhan-sinh-vien-moi-ra-truong-entry-fresher-1-1-1438375-jd/?source=searchResults&searchType=2&placement=1438776&sortBy=date
225,Chuyên Viên Phòng Định Giá - Lập Dự Toán Giá Vốn Dịch Vụ Y Tế,https://www.vietnamworks.com/chuyen-vien-phong-dinh-gia-lap-du-toan-gia-von-dich-vu-y-te-1-1436751-jd/?source=searchResults&searchType=2&placement=1437152&sortBy=date
226,Lập Trình Viên .NET,https://www.vietnamworks.com/lap-trinh-vien-net-134-1-1-1433380-jd/?source=searchResults&searchType=2&placement=1433781&sortBy=date
227,Senior CSR Specialist,https://www.vietnamworks.com/senior-csr-specialist-1432994-jd/?source=searchResults&searchType=2&placement=1433395&sortBy=date
228,Planning Capacity Manager/ Trưởng Phòng Kế Hoạch,https://www.vietnamworks.com/planning-capacity-manager-truong-phong-ke-hoach-1-1-1430995-jd/?source=searchResults&searchType=2&placement=1431396&sortBy=date
229,Kĩ Sư Thiết Kế Kết Cấu Thép,https://www.vietnamworks.com/ki-su-thiet-ke-ket-cau-thep-1-1-1437835-jd/?source=searchResults&searchType=2&placement=1438236&sortBy=date
230,[Gấp] Kỹ Sư Hvac- Điều Hòa Thông Gió - Lương 12-18Tr + Phụ Cấp+ Thưởng Doanh Số,https://www.vietnamworks.com/gap-ky-su-hvac-dieu-hoa-thong-gio-luong-12-18tr-phu-cap-thuong-doanh-so-1-1-1-1437170-jd/?source=searchResults&searchType=2&placement=1437571&sortBy=date
231,"Database Administrator (1500$++, Sign on Bonus)-Top Edtech Companies in South East Asia",https://www.vietnamworks.com/database-administrator-1500-sign-on-bonus-top-edtech-companies-in-south-east-asia-1437122-jd/?source=searchResults&searchType=2&placement=1437523&sortBy=date
232,Product Manager (2500$++) - Ứng Dụng Tiếng Anh Online Cho Trẻ Em Tăng Trưởng Bậc Nhất Đông Nam Á,https://www.vietnamworks.com/product-manager-2500-ung-dung-tieng-anh-online-cho-tre-em-tang-truong-bac-nhat-dong-nam-a-1437110-jd/?source=searchResults&searchType=2&placement=1437511&sortBy=date
233,[Hot] Lập Trình Viên .NET (Đãi Ngộ Hấp Dẫn),https://www.vietnamworks.com/hot-lap-trinh-vien-net-dai-ngo-hap-dan-1-1-1-1437096-jd/?source=searchResults&searchType=2&placement=1437497&sortBy=date
234,Data Scientist & Researcher,https://www.vietnamworks.com/data-scientist-researcher-2-1436036-jd/?source=searchResults&searchType=2&placement=1436437&sortBy=date
235,Lazada Youth Tech Career 2021 ( Salary Upto $1500),https://www.vietnamworks.com/lazada-youth-tech-career-2021-salary-upto-1500-1435972-jd/?source=searchResults&searchType=2&placement=1436373&sortBy=date
236,Graphic Designer,https://www.vietnamworks.com/graphic-designer-925-1434591-jd/?source=searchResults&searchType=2&placement=1434992&sortBy=date
237,Trưởng Phòng Tuyển Sinh,https://www.vietnamworks.com/truong-phong-tuyen-sinh-16-1433364-jd/?source=searchResults&searchType=2&placement=1433765&sortBy=date
238,Vinhomes - Chuyên Gia Tối Ưu Chi Phí Xây Dựng,https://www.vietnamworks.com/vinhomes-chuyen-gia-toi-uu-chi-phi-xay-dung-1431868-jd/?source=searchResults&searchType=2&placement=1432269&sortBy=date
239,Nhân Viên An Toàn Lao Động,https://www.vietnamworks.com/nhan-vien-an-toan-lao-dong-47-1431202-jd/?source=searchResults&searchType=2&placement=1431603&sortBy=date
240,Trưởng Nhóm Thanh Tra,https://www.vietnamworks.com/truong-nhom-thanh-tra-1-1431125-jd/?source=searchResults&searchType=2&placement=1431726&sortBy=date
241,Lập Trình Viên Ngôn Ngữ C++ (Sign on Bonus),https://www.vietnamworks.com/lap-trinh-vien-ngon-ngu-c-plus-plus-sign-on-bonus-1-1-1430992-jd/?source=searchResults&searchType=2&placement=1431593&sortBy=date
242,Brand Manager Maketing,https://www.vietnamworks.com/brand-manager-maketing-1430056-jd/?source=searchResults&searchType=2&placement=1430657&sortBy=date
243,Chuyên Viên Pháp Chế,https://www.vietnamworks.com/chuyen-vien-phap-che-475-1-1430049-jd/?source=searchResults&searchType=2&placement=1430650&sortBy=date
244,Kiến Trúc Sư Quản Lý Thiết Kế,https://www.vietnamworks.com/kien-truc-su-quan-ly-thiet-ke-16-1-1-1430047-jd/?source=searchResults&searchType=2&placement=1430648&sortBy=date
245,Kỹ Sư Điều Hoà Thông Gió ( Làm Việc Tại Hạ Long),https://www.vietnamworks.com/ky-su-dieu-hoa-thong-gio-lam-viec-tai-ha-long-1429914-jd/?source=searchResults&searchType=2&placement=1430515&sortBy=date
246,Quality Control Manager,https://www.vietnamworks.com/quality-control-manager-30-1429428-jd/?source=searchResults&searchType=2&placement=1430029&sortBy=date
247,"Administrative Officer/ Finance, Based in Hanoi",https://www.vietnamworks.com/administrative-officer-finance-based-in-hanoi-1437774-jd/?source=searchResults&searchType=2&placement=1438375&sortBy=date
248,"Merchandiser for Europe, American, Africa & Middle East Market",https://www.vietnamworks.com/merchandiser-for-europe-american-africa-middle-east-market-1-1437731-jd/?source=searchResults&searchType=2&placement=1438332&sortBy=date
249,Trưởng Phòng Chăm Sóc Khách Hàng (1800$++)- Ứng Dụng Tiếng Anh Online Cho Trẻ Em Tăng Trưởng Bậc Nhất Đông Nam Á,https://www.vietnamworks.com/truong-phong-cham-soc-khach-hang-1800-ung-dung-tieng-anh-online-cho-tre-em-tang-truong-bac-nhat-dong-nam-a-1437106-jd/?source=searchResults&searchType=2&placement=1437707&sortBy=date
250,"Solution Architect – Cloud: AWS, Microservices",https://www.vietnamworks.com/solution-architect-cloud-aws-microservices-2-1-1-1-1-1-1-1-1-1437105-jd/?source=searchResults&searchType=2&placement=1437706&sortBy=date
251,COBOL Internship Developer,https://www.vietnamworks.com/cobol-internship-developer-1-1-1-1-1-1-1-1-1-1-1-1-1437102-jd/?source=searchResults&searchType=2&placement=1437703&sortBy=date
252,Salesforce Developers (Open to Non Salesforce Candidates),https://www.vietnamworks.com/salesforce-developers-open-to-non-salesforce-candidates-2-1-1-1-1-1-1-1-1-1-1-1-1-1-1-1-1-1-1-1-1-1-1437101-jd/?source=searchResults&searchType=2&placement=1437702&sortBy=date
253,Automation Tester (UI & API),https://www.vietnamworks.com/automation-tester-ui-api-1-1-1-1-1-1-1-1437100-jd/?source=searchResults&searchType=2&placement=1437701&sortBy=date
254,Primary Program Content Development Team Leader ( 1200$++),https://www.vietnamworks.com/primary-program-content-development-team-leader-1200-1437094-jd/?source=searchResults&searchType=2&placement=1437695&sortBy=date
255,Kế Toán Trưởng (Nam),https://www.vietnamworks.com/ke-toan-truong-nam-10-1437077-jd/?source=searchResults&searchType=2&placement=1437678&sortBy=date
256,Giám Đốc Truyền Thông - Ứng Dụng Tiếng Anh Online Cho Trẻ Em Tăng Trưởng Bậc Nhất Đông Nam Á,https://www.vietnamworks.com/giam-doc-truyen-thong-ung-dung-tieng-anh-online-cho-tre-em-tang-truong-bac-nhat-dong-nam-a-1437070-jd/?source=searchResults&searchType=2&placement=1437671&sortBy=date
257,Trưởng Phòng Hợp Tác Quốc Tế,https://www.vietnamworks.com/truong-phong-hop-tac-quoc-te-2-1436961-jd/?source=searchResults&searchType=2&placement=1437562&sortBy=date
258,"Fresher Developer (Javascript, C)",https://www.vietnamworks.com/fresher-developer-javascript-c-1436934-jd/?source=searchResults&searchType=2&placement=1437535&sortBy=date
259,Kỹ Sư Công Đoạn Sản Xuất Bảng Vi Mạch Dẻo (FPC),https://www.vietnamworks.com/ky-su-cong-doan-san-xuat-bang-vi-mach-deo-fpc-1-1-2-1-1-1-1436900-jd/?source=searchResults&searchType=2&placement=1437501&sortBy=date
260,Nhân Sự Cho Dự Án Tổng Thầu Cơ - Điện (M&E) Tại Tp. Nha Trang,https://www.vietnamworks.com/nhan-su-cho-du-an-tong-thau-co-dien-m-e-tai-tp-nha-trang-1-1436559-jd/?source=searchResults&searchType=2&placement=1437160&sortBy=date
261,Sales Executive (Cosmetic/food Ingredients) – Salary up to 1500$,https://www.vietnamworks.com/sales-executive-cosmetic-food-ingredients-salary-up-to-1500-1436552-jd/?source=searchResults&searchType=2&placement=1437153&sortBy=date
262,Phụ Trách Sales Và Marketing Dịch Vụ Bất Động Sản,https://www.vietnamworks.com/phu-trach-sales-va-marketing-dich-vu-bat-dong-san-1436461-jd/?source=searchResults&searchType=2&placement=1437062&sortBy=date
263,Java Engineers - All Levels (Sign-On Bonus),https://www.vietnamworks.com/java-engineers-all-levels-sign-on-bonus-1435623-jd/?source=searchResults&searchType=2&placement=1436224&sortBy=date
264,Senior QA/ QC (Tester/ Java) (Sign-On Bonus),https://www.vietnamworks.com/senior-qa-qc-tester-java-sign-on-bonus-1435620-jd/?source=searchResults&searchType=2&placement=1436221&sortBy=date
265,Engineering Trainee (Fast Tracking 18-Month Program with Attractive Salary Progression & Career Development),https://www.vietnamworks.com/engineering-trainee-fast-tracking-18-month-program-with-attractive-salary-progression-career-development-1-1435106-jd/?source=searchResults&searchType=2&placement=1435707&sortBy=date
266,Financial Planning & Analyzing Executive - Attractive Salary & Benefits,https://www.vietnamworks.com/financial-planning-analyzing-executive-attractive-salary-benefits-1-1434498-jd/?source=searchResults&searchType=2&placement=1435099&sortBy=date
267,Sales Assistant – Trợ Lý Kinh Doanh,https://www.vietnamworks.com/sales-assistant-tro-ly-kinh-doanh-6-1434396-jd/?source=searchResults&searchType=2&placement=1434997&sortBy=date
268,Nam Nhân Viên Thiết Kế và Phát Triển Sản Phẩm Cơ Khí (3D Inventer / Solidwork / Catia / Nx),https://www.vietnamworks.com/nam-nhan-vien-thiet-ke-va-phat-trien-san-pham-co-khi-3d-inventer-solidwork-catia-nx-2-1-1-1-1-1-1-1-2-1-1-1-1-1-1433863-jd/?source=searchResults&searchType=2&placement=1434464&sortBy=date
269,Quản Đốc Sản Xuất Nhà Máy Ép Nhựa,https://www.vietnamworks.com/quan-doc-san-xuat-nha-may-ep-nhua-1-1-1-1-1433862-jd/?source=searchResults&searchType=2&placement=1434463&sortBy=date
270,Senior Recruiter,https://www.vietnamworks.com/senior-recruiter-82-1-1433822-jd/?source=searchResults&searchType=2&placement=1434423&sortBy=date
271,Continuous Improvement Specialist,https://www.vietnamworks.com/continuous-improvement-specialist-4-1433820-jd/?source=searchResults&searchType=2&placement=1434421&sortBy=date
272,Digital Marketing,https://www.vietnamworks.com/digital-marketing-470-1433807-jd/?source=searchResults&searchType=2&placement=1434408&sortBy=date
273,Senior Account Manager – Sales Division,https://www.vietnamworks.com/senior-account-manager-sales-division-1433790-jd/?source=searchResults&searchType=2&placement=1434391&sortBy=date
274,Nhân Viên Chăm Sóc Khách Hàng,https://www.vietnamworks.com/nhan-vien-cham-soc-khach-hang-737-1-1433789-jd/?source=searchResults&searchType=2&placement=1434390&sortBy=date
275,EHS Officer (Enviroment - Health - Safety),https://www.vietnamworks.com/ehs-officer-enviroment-health-safety-1433465-jd/?source=searchResults&searchType=2&placement=1434066&sortBy=date
276,Nhân Viên Xuất Nhập Khẩu,https://www.vietnamworks.com/nhan-vien-xuat-nhap-khau-1035-1433344-jd/?source=searchResults&searchType=2&placement=1433945&sortBy=date
277,Production Printing Technical Field Service Engineer,https://www.vietnamworks.com/production-printing-technical-field-service-engineer-1432621-jd/?source=searchResults&searchType=2&placement=1433222&sortBy=date
278,[Thu Nhập Hấp Dẫn 10Tr -15Tr] Sales Publisher (Mảng Digital Marketing),https://www.vietnamworks.com/thu-nhap-hap-dan-10tr-15tr-sales-publisher-mang-digital-marketing-1-1431303-jd/?source=searchResults&searchType=2&placement=1431904&sortBy=date
279,Chuyên Viên Ứng Dụng và Phụ Trách Sản Phẩm (Application & Product Specialist),https://www.vietnamworks.com/chuyen-vien-ung-dung-va-phu-trach-san-pham-application-product-specialist-4-1-1431302-jd/?source=searchResults&searchType=2&placement=1431903&sortBy=date
280,Nhân Viên Hợp Đồng Mua Hàng,https://www.vietnamworks.com/nhan-vien-hop-dong-mua-hang-1-1-1431300-jd/?source=searchResults&searchType=2&placement=1431901&sortBy=date
281,Nhân Viên Hành Chính Nhân Sự,https://www.vietnamworks.com/nhan-vien-hanh-chinh-nhan-su-767-1-1431298-jd/?source=searchResults&searchType=2&placement=1431899&sortBy=date
282,Marketing Assistant Officer,https://www.vietnamworks.com/marketing-assistant-officer-1-1431286-jd/?source=searchResults&searchType=2&placement=1431887&sortBy=date
283,Special Event Assistant - Urgent,https://www.vietnamworks.com/special-event-assistant-urgent-1431275-jd/?source=searchResults&searchType=2&placement=1431876&sortBy=date
284,HR Specialist - Data & System,https://www.vietnamworks.com/hr-specialist-data-system-1431257-jd/?source=searchResults&searchType=2&placement=1431858&sortBy=date
285,Quality Inspector,https://www.vietnamworks.com/quality-inspector-33-1-1431252-jd/?source=searchResults&searchType=2&placement=1431853&sortBy=date
286,Nhân Viên Tư Vấn Khách Hàng/ Account Executive - Full Probation Salary,https://www.vietnamworks.com/nhan-vien-tu-van-khach-hang-account-executive-full-probation-salary-1431248-jd/?source=searchResults&searchType=2&placement=1431849&sortBy=date
287,Kế Toán Tổng Hợp – General Accountant,https://www.vietnamworks.com/ke-toan-tong-hop-general-accountant-63-1-1-1431165-jd/?source=searchResults&searchType=2&placement=1431766&sortBy=date
288,Markeking & Sale Admin,https://www.vietnamworks.com/markeking-sale-admin-1431138-jd/?source=searchResults&searchType=2&placement=1431739&sortBy=date
289,Kế Toán Nội Bộ,https://www.vietnamworks.com/ke-toan-noi-bo-248-1-1431106-jd/?source=searchResults&searchType=2&placement=1431707&sortBy=date
290,Maintenance Planner,https://www.vietnamworks.com/maintenance-planner-12-1430912-jd/?source=searchResults&searchType=2&placement=1431513&sortBy=date
291,IT Business Analyst (Junior and Senior),https://www.vietnamworks.com/it-business-analyst-junior-and-senior-1430727-jd/?source=searchResults&searchType=2&placement=1431328&sortBy=date
292,Chuyên Viên Phụ Trách Chứng Từ (Lương Cứng: 8 - 12 Triệu) - Thu Nhập Hấp Dẫn,https://www.vietnamworks.com/chuyen-vien-phu-trach-chung-tu-luong-cung-8-12-trieu-thu-nhap-hap-dan-2-1429977-jd/?source=searchResults&searchType=2&placement=1430578&sortBy=date
293,Sales Team Leader (Thăng Tiến Lên Sales Manager Sau 6 Tháng),https://www.vietnamworks.com/sales-team-leader-thang-tien-len-sales-manager-sau-6-thang-1429929-jd/?source=searchResults&searchType=2&placement=1430530&sortBy=date
294,Senior Machine Learning Engineer,https://www.vietnamworks.com/senior-machine-learning-engineer-1429167-jd/?source=searchResults&searchType=2&placement=1429768&sortBy=date
295,Quản Lý Trình Dược Viên/key Account Supervisor,https://www.vietnamworks.com/quan-ly-trinh-duoc-vien-key-account-supervisor-2-1428782-jd/?source=searchResults&searchType=2&placement=1429383&sortBy=date
296,Sales Cum Office Admin,https://www.vietnamworks.com/sales-cum-office-admin-1428557-jd/?source=searchResults&searchType=2&placement=1429158&sortBy=date
297,Nhân Viên Kinh Doanh - Thu Nhập 12-20 Triệu và Nhiều Phụ Cấp Hỗ Trợ,https://www.vietnamworks.com/nhan-vien-kinh-doanh-thu-nhap-12-20-trieu-va-nhieu-phu-cap-ho-tro-1379163-jd/?source=searchResults&searchType=2&placement=1379764&sortBy=date
298,Nhân Viên Phòng Kế Hoạch Kinh Doanh,https://www.vietnamworks.com/nhan-vien-phong-ke-hoach-kinh-doanh-2-1-1439304-jd/?source=searchResults&searchType=2&placement=1439905&sortBy=date
299,Senior IT System Administrator,https://www.vietnamworks.com/senior-it-system-administrator-4-1439292-jd/?source=searchResults&searchType=2&placement=1439893&sortBy=date
300,Giám Đốc Chi Nhánh Quản Lý Vận Hành Khách Sạn (Chủ Đầu Tư),https://www.vietnamworks.com/giam-doc-chi-nhanh-quan-ly-van-hanh-khach-san-chu-dau-tu-1-1439300-jd/?source=searchResults&searchType=2&placement=1439901&sortBy=date
301,Chỉ Huy Trưởng Công Trình,https://www.vietnamworks.com/chi-huy-truong-cong-trinh-179-1439259-jd/?source=searchResults&searchType=2&placement=1439860&sortBy=date
302,Architectural Project Manager,https://www.vietnamworks.com/architectural-project-manager-1-1-1-1439285-jd/?source=searchResults&searchType=2&placement=1439886&sortBy=date
303,Sales Executive,https://www.vietnamworks.com/sales-executive-1855-1439179-jd/?source=searchResults&searchType=2&placement=1439780&sortBy=date
304,R&D Test Development Engineer,https://www.vietnamworks.com/r-d-test-development-engineer-1439192-jd/?source=searchResults&searchType=2&placement=1439793&sortBy=date
305,Kỹ Sư Cơ Khí,https://www.vietnamworks.com/ky-su-co-khi-507-1439193-jd/?source=searchResults&searchType=2&placement=1439794&sortBy=date
306,Kỹ Sư Layout - Layout Engineer,https://www.vietnamworks.com/ky-su-layout-layout-engineer-2-1439187-jd/?source=searchResults&searchType=2&placement=1439788&sortBy=date
307,Kỹ Sư Giám Sát Thi Công,https://www.vietnamworks.com/ky-su-giam-sat-thi-cong-42-1439116-jd/?source=searchResults&searchType=2&placement=1439717&sortBy=date
308,Senior Manual Tester,https://www.vietnamworks.com/senior-manual-tester-1-1-1-1-1-1438745-jd/?source=searchResults&searchType=2&placement=1439346&sortBy=date
309,"Quality Tester - 30,000,000D Sign-Up Bonus",https://www.vietnamworks.com/quality-tester-30-000-000d-sign-up-bonus-1438720-jd/?source=searchResults&searchType=2&placement=1439321&sortBy=date
310,".NET Developer - 30,000,000D Sign-Up Bonus",https://www.vietnamworks.com/net-developer-30-000-000d-sign-up-bonus-1438714-jd/?source=searchResults&searchType=2&placement=1439315&sortBy=date
311,Internal Control Manager - Attractive Salary & Benefits,https://www.vietnamworks.com/internal-control-manager-attractive-salary-benefits-1438647-jd/?source=searchResults&searchType=2&placement=1439248&sortBy=date
312,Chuyên Viên Công Nghệ Thông Tin (IT Associate),https://www.vietnamworks.com/chuyen-vien-cong-nghe-thong-tin-it-associate-1437712-jd/?source=searchResults&searchType=2&placement=1438313&sortBy=date
313,Chuyên Viên Phân Tích Nghiệp Vụ/phát Triển Dịch Vụ,https://www.vietnamworks.com/chuyen-vien-phan-tich-nghiep-vu-phat-trien-dich-vu-1437047-jd/?source=searchResults&searchType=2&placement=1437648&sortBy=date
314,Chuyên Viên Kỹ Thuật,https://www.vietnamworks.com/chuyen-vien-ky-thuat-79-1437045-jd/?source=searchResults&searchType=2&placement=1437646&sortBy=date
315,Chuyên Viên CNTT,https://www.vietnamworks.com/chuyen-vien-cntt-10-1437044-jd/?source=searchResults&searchType=2&placement=1437645&sortBy=date
316,"HOT !!! 2 Java Developer - 1 Year++, Up 1300$",https://www.vietnamworks.com/hot-2-java-developer-1-year-up-1300-1-1-1-1437031-jd/?source=searchResults&searchType=2&placement=1437632&sortBy=date
317,Lập Trình Viên Triển Khai Các Hệ Thống CNTT (Senior Developer),https://www.vietnamworks.com/lap-trinh-vien-trien-khai-cac-he-thong-cntt-senior-developer-2-1437030-jd/?source=searchResults&searchType=2&placement=1437631&sortBy=date
318,Logistics Sales,https://www.vietnamworks.com/logistics-sales-15-1-1-1437019-jd/?source=searchResults&searchType=2&placement=1437620&sortBy=date
319,Chuyên Viên Tư Vấn Tài Chính (Thu Nhập Cố Định Từ 15Tr - 26Tr),https://www.vietnamworks.com/chuyen-vien-tu-van-tai-chinh-thu-nhap-co-dinh-tu-15tr-26tr-1-1-1-1-1-1-1437007-jd/?source=searchResults&searchType=2&placement=1437608&sortBy=date
320,Chuyên Viên Digital Marketing (Facebook ADS),https://www.vietnamworks.com/chuyen-vien-digital-marketing-facebook-ads-1-1436927-jd/?source=searchResults&searchType=2&placement=1437528&sortBy=date
321,Nhân Viên Kinh Doanh (Sales) (Hà Nội và Các Tỉnh Miền Bắc) Hoa Hồng Lên Tới200 Triệu/sản Phẩm,https://www.vietnamworks.com/nhan-vien-kinh-doanh-sales-ha-noi-va-cac-tinh-mien-bac-hoa-hong-len-toi200-trieu-san-pham-1-1436870-jd/?source=searchResults&searchType=2&placement=1437471&sortBy=date
322,Trưởng Ban Kiểm Soát Tập Đoàn,https://www.vietnamworks.com/truong-ban-kiem-soat-tap-doan-6-1436390-jd/?source=searchResults&searchType=2&placement=1436991&sortBy=date
323,Trưởng Nhóm Tuyển Dụng - Đào Tạo Tại Hà Nội,https://www.vietnamworks.com/truong-nhom-tuyen-dung-dao-tao-tai-ha-noi-1436372-jd/?source=searchResults&searchType=2&placement=1436973&sortBy=date
324,Mid_Senior .NET Developer (Asp.net_C#),https://www.vietnamworks.com/mid-senior-net-developer-asp-net-c-sharp-1436033-jd/?source=searchResults&searchType=2&placement=1436634&sortBy=date
325,Sales Executive (HCMC and Hanoi),https://www.vietnamworks.com/sales-executive-hcmc-and-hanoi-1-1-1433813-jd/?source=searchResults&searchType=2&placement=1434414&sortBy=date
326,Chuyên Viên Chính Kiểm Soát Chất Lượng,https://www.vietnamworks.com/chuyen-vien-chinh-kiem-soat-chat-luong-1-1-1433797-jd/?source=searchResults&searchType=2&placement=1434398&sortBy=date
327,Nhân Viên Kinh Doanh Quốc Tế (01 Tiếng Trung + 01 Tiếng Anh) / Lương + Thưởng + Chế Độ Đãi Ngộ Tốt,https://www.vietnamworks.com/nhan-vien-kinh-doanh-quoc-te-01-tieng-trung-01-tieng-anh-luong-thuong-che-do-dai-ngo-tot-1-1433787-jd/?source=searchResults&searchType=2&placement=1434388&sortBy=date
328,Intern,https://www.vietnamworks.com/intern-8-1433758-jd/?source=searchResults&searchType=2&placement=1434359&sortBy=date
329,Senior Brand Marketing Executive,https://www.vietnamworks.com/senior-brand-marketing-executive-1433755-jd/?source=searchResults&searchType=2&placement=1434356&sortBy=date
330,Marketing Senior - Nhãn Sản Phẩm Amunbooks,https://www.vietnamworks.com/marketing-senior-nhan-san-pham-amunbooks-1433719-jd/?source=searchResults&searchType=2&placement=1434320&sortBy=date
331,Kỹ Sư Thiết Kế Khuôn Ép Phun,https://www.vietnamworks.com/ky-su-thiet-ke-khuon-ep-phun-4-1-1433706-jd/?source=searchResults&searchType=2&placement=1434307&sortBy=date
332,Chief Engineering - Property Management - Open for Expat,https://www.vietnamworks.com/chief-engineering-property-management-open-for-expat-1433425-jd/?source=searchResults&searchType=2&placement=1434026&sortBy=date
333,AI Engineer,https://www.vietnamworks.com/ai-engineer-15-1-1433332-jd/?source=searchResults&searchType=2&placement=1433933&sortBy=date
334,C/C++ Engineer,https://www.vietnamworks.com/c-c-plus-plus-engineer-1-1-1433268-jd/?source=searchResults&searchType=2&placement=1433869&sortBy=date
335,Chief Technology Officer (CTO),https://www.vietnamworks.com/chief-technology-officer-cto-8-1432349-jd/?source=searchResults&searchType=2&placement=1432950&sortBy=date
336,Nhân Viên Kỹ Thuật Sản Xuất,https://www.vietnamworks.com/nhan-vien-ky-thuat-san-xuat-108-1432246-jd/?source=searchResults&searchType=2&placement=1432847&sortBy=date
337,HR & Admin Executive,https://www.vietnamworks.com/hr-admin-executive-74-1431661-jd/?source=searchResults&searchType=2&placement=1432262&sortBy=date
338,Automation Test Engineer,https://www.vietnamworks.com/automation-test-engineer-71-1-1431231-jd/?source=searchResults&searchType=2&placement=1431832&sortBy=date
339,Senior Business Development,https://www.vietnamworks.com/senior-business-development-24-1-1-2-1431230-jd/?source=searchResults&searchType=2&placement=1431831&sortBy=date
340,Merchandiser-Lacoste Footwear,https://www.vietnamworks.com/merchandiser-lacoste-footwear-1-1431204-jd/?source=searchResults&searchType=2&placement=1431805&sortBy=date
341,DFT Engineer (Experience Required),https://www.vietnamworks.com/dft-engineer-experience-required-2-1431191-jd/?source=searchResults&searchType=2&placement=1431792&sortBy=date
342,Operation Manager- Ground/rail,https://www.vietnamworks.com/operation-manager-ground-rail-1431161-jd/?source=searchResults&searchType=2&placement=1431762&sortBy=date
343,Chuyên Viên Kinh Doanh (Nhóm Doanh Nghiệp/ Ngân Hàng) (Mã: VPĐD.CV2),https://www.vietnamworks.com/chuyen-vien-kinh-doanh-nhom-doanh-nghiep-ngan-hang-ma-vpdd-cv2-1431147-jd/?source=searchResults&searchType=2&placement=1431748&sortBy=date
344,Sales For Business Development,https://www.vietnamworks.com/sales-for-business-development-1-1-1-1431094-jd/?source=searchResults&searchType=2&placement=1431695&sortBy=date
345,"[HOT JOB] Nhân Viên Kinh Doanh BĐS Lương Cứng Từ 6 – 30Tr/tháng, Hoa Hồng 50% Doanh Thu",https://www.vietnamworks.com/hot-job-nhan-vien-kinh-doanh-bds-luong-cung-tu-6-30tr-thang-hoa-hong-50-doanh-thu-1430825-jd/?source=searchResults&searchType=2&placement=1431426&sortBy=date
346,COBOL Developer,https://www.vietnamworks.com/cobol-developer-7-1-1-1-1-1-1-1429331-jd/?source=searchResults&searchType=2&placement=1430132&sortBy=date
347,Implementation Consultant for APM (Appdynamics) – (Open to Candidates for Upskilling/ Reskilling),https://www.vietnamworks.com/implementation-consultant-for-apm-appdynamics-open-to-candidates-for-upskilling-reskilling-2-1-1429326-jd/?source=searchResults&searchType=2&placement=1430127&sortBy=date
348,Implementation Consultant for APM (Elastic Stack) – (Open to Candidates for Upskilling/ Reskilling),https://www.vietnamworks.com/implementation-consultant-for-apm-elastic-stack-open-to-candidates-for-upskilling-reskilling-2-1-1429322-jd/?source=searchResults&searchType=2&placement=1430123&sortBy=date
349,Chuyên Viên Kinh Doanh BDS Thu Nhập 20Tr - 50Tr !!!,https://www.vietnamworks.com/chuyen-vien-kinh-doanh-bds-thu-nhap-20tr-50tr-1429218-jd/?source=searchResults&searchType=2&placement=1430019&sortBy=date
350,Maintenance Staff - 500$ (Nhân Viên Phòng Bảo Dưỡng),https://www.vietnamworks.com/maintenance-staff-500-nhan-vien-phong-bao-duong-1428912-jd/?source=searchResults&searchType=2&placement=1429713&sortBy=date
351,Senior Maintenance Technician,https://www.vietnamworks.com/senior-maintenance-technician-14-1-1-1428470-jd/?source=searchResults&searchType=2&placement=1429271&sortBy=date
352,Kỹ Sư Chuyển Giao Công Nghệ (Không Yêu Cầu Kinh Nghiệm),https://www.vietnamworks.com/ky-su-chuyen-giao-cong-nghe-khong-yeu-cau-kinh-nghiem-1425600-jd/?source=searchResults&searchType=2&placement=1426401&sortBy=date
353,Senior Consultant,https://www.vietnamworks.com/senior-consultant-36-1387971-jd/?source=searchResults&searchType=2&placement=1388772&sortBy=date
354,Chuyên Viên Hệ Thống Mạng và Bảo Mật,https://www.vietnamworks.com/chuyen-vien-he-thong-mang-va-bao-mat-1439236-jd/?source=searchResults&searchType=2&placement=1440037&sortBy=date
355,"iOS Developer (1-Month Signing Bonus, Upto $2000 Net)",https://www.vietnamworks.com/ios-developer-1-month-signing-bonus-upto-2000-net-1439204-jd/?source=searchResults&searchType=2&placement=1440005&sortBy=date
356,Nhân Viên Kỹ Thuật Sản Xuất (Engineer Staff ),https://www.vietnamworks.com/nhan-vien-ky-thuat-san-xuat-engineer-staff-1-1-1439232-jd/?source=searchResults&searchType=2&placement=1440033&sortBy=date
357,Chuyên Viên Tuyển Dụng Non-Tech ( Fresher Accepted ),https://www.vietnamworks.com/chuyen-vien-tuyen-dung-non-tech-fresher-accepted-1439189-jd/?source=searchResults&searchType=2&placement=1439990&sortBy=date
358,QA Staff (Outside),https://www.vietnamworks.com/qa-staff-outside-2-1439226-jd/?source=searchResults&searchType=2&placement=1440027&sortBy=date
359,Technical Support Engineer,https://www.vietnamworks.com/technical-support-engineer-70-1-1439214-jd/?source=searchResults&searchType=2&placement=1440015&sortBy=date
360,Kỹ Sư Phòng Kỹ Thuật Sản Xuất (PE),https://www.vietnamworks.com/ky-su-phong-ky-thuat-san-xuat-pe-2-1439078-jd/?source=searchResults&searchType=2&placement=1439879&sortBy=date
361,Footwear Developer–Lacoste (12-Month contract),https://www.vietnamworks.com/footwear-developer-lacoste-12-month-contract-1439195-jd/?source=searchResults&searchType=2&placement=1439996&sortBy=date
362,Admin Assistant Defence Cooperation Department of Defence,https://www.vietnamworks.com/admin-assistant-defence-cooperation-department-of-defence-1439082-jd/?source=searchResults&searchType=2&placement=1439883&sortBy=date
363,Kế Toán Giá Thành,https://www.vietnamworks.com/ke-toan-gia-thanh-77-1439076-jd/?source=searchResults&searchType=2&placement=1439877&sortBy=date
364,Kỹ Thuật Viên Vận Hành Hệ Thống Xử Lý Nước Thải,https://www.vietnamworks.com/ky-thuat-vien-van-hanh-he-thong-xu-ly-nuoc-thai-3-1-1438684-jd/?source=searchResults&searchType=2&placement=1439485&sortBy=date
365,Front End Developer (Reactjs/vuejs),https://www.vietnamworks.com/front-end-developer-reactjs-vuejs-2-1-1-1-1-1-1438643-jd/?source=searchResults&searchType=2&placement=1439444&sortBy=date
366,Chuyên Viên Kinh Doanh (AM),https://www.vietnamworks.com/chuyen-vien-kinh-doanh-am-1-1438064-jd/?source=searchResults&searchType=2&placement=1438865&sortBy=date
367,Art Gallery Sales Executive (HN),https://www.vietnamworks.com/art-gallery-sales-executive-hn-1-1-1-1-1437640-jd/?source=searchResults&searchType=2&placement=1438441&sortBy=date
368,Business Analyst ($1700++) - Top Edtech Companies in South East Asia,https://www.vietnamworks.com/business-analyst-1700-top-edtech-companies-in-south-east-asia-1437593-jd/?source=searchResults&searchType=2&placement=1438394&sortBy=date
369,PHP Developer (Chấp Nhận Fresher),https://www.vietnamworks.com/php-developer-chap-nhan-fresher-1437506-jd/?source=searchResults&searchType=2&placement=1438307&sortBy=date
370,Software Tester/ QC,https://www.vietnamworks.com/software-tester-qc-6-1436936-jd/?source=searchResults&searchType=2&placement=1437737&sortBy=date
371,Footwear Junior QA Inspector,https://www.vietnamworks.com/footwear-junior-qa-inspector-2-1436909-jd/?source=searchResults&searchType=2&placement=1437710&sortBy=date
372,Customer Service Executive (Sales Admin),https://www.vietnamworks.com/customer-service-executive-sales-admin-1436449-jd/?source=searchResults&searchType=2&placement=1437250&sortBy=date
373,Chuyên Viên Triển Khai Phần Mềm Bán Lẻ,https://www.vietnamworks.com/chuyen-vien-trien-khai-phan-mem-ban-le-1-1435491-jd/?source=searchResults&searchType=2&placement=1436292&sortBy=date
374,[Hot Job] Tuyển Gấp Kỹ Sư Kinh Doanh,https://www.vietnamworks.com/hot-job-tuyen-gap-ky-su-kinh-doanh-4-1-1-1-1-1-1-1-1-1435487-jd/?source=searchResults&searchType=2&placement=1436288&sortBy=date
375,Kế Toán Thời Vụ (Temporary Accountant) (8 Tháng),https://www.vietnamworks.com/ke-toan-thoi-vu-temporary-accountant-8-thang-1435339-jd/?source=searchResults&searchType=2&placement=1436140&sortBy=date
376,Senior HSE Executive,https://www.vietnamworks.com/senior-hse-executive-1433730-jd/?source=searchResults&searchType=2&placement=1434531&sortBy=date
377,CRM Admin,https://www.vietnamworks.com/crm-admin-1432982-jd/?source=searchResults&searchType=2&placement=1433783&sortBy=date
378,Nhân Viên Quản Lý Chất Lượng,https://www.vietnamworks.com/nhan-vien-quan-ly-chat-luong-131-1-1-1-1432108-jd/?source=searchResults&searchType=2&placement=1432909&sortBy=date
379,Nhân Viên Văn Phòng,https://www.vietnamworks.com/nhan-vien-van-phong-718-1432107-jd/?source=searchResults&searchType=2&placement=1432908&sortBy=date
380,Nhân Viên Bộ Phận Khuôn,https://www.vietnamworks.com/nhan-vien-bo-phan-khuon-8-2-1432106-jd/?source=searchResults&searchType=2&placement=1432907&sortBy=date
381,Trưởng Nhóm Kế Toán Thuế,https://www.vietnamworks.com/truong-nhom-ke-toan-thue-9-1-1431136-jd/?source=searchResults&searchType=2&placement=1431937&sortBy=date
382,[HCM] Chuyên Viên Quản Trị Hệ Thống và CSDL,https://www.vietnamworks.com/hcm-chuyen-vien-quan-tri-he-thong-va-csdl-1429885-jd/?source=searchResults&searchType=2&placement=1430686&sortBy=date
383,"[HN - HCM] Chuyên Viên Vận Hành, Khai Thác Ứng Dụng Hệ Thống CNTT",https://www.vietnamworks.com/hn-hcm-chuyen-vien-van-hanh-khai-thac-ung-dung-he-thong-cntt-1429882-jd/?source=searchResults&searchType=2&placement=1430683&sortBy=date
384,Chủ Trì Thiết Kế Quy Hoạch (Thu Nhập Upto $1000),https://www.vietnamworks.com/chu-tri-thiet-ke-quy-hoach-thu-nhap-upto-1000-1-1429856-jd/?source=searchResults&searchType=2&placement=1430657&sortBy=date
385,[HN] Chuyên Viên An Toàn Thông Tin,https://www.vietnamworks.com/hn-chuyen-vien-an-toan-thong-tin-1429854-jd/?source=searchResults&searchType=2&placement=1430655&sortBy=date
386,[HN] Chuyên Viên Phát Triển Phần Mềm (Java Developer),https://www.vietnamworks.com/hn-chuyen-vien-phat-trien-phan-mem-java-developer-1429851-jd/?source=searchResults&searchType=2&placement=1430652&sortBy=date
387,Trưởng Nhóm QS M&E - Hồ Sơ Thanh Toán (Thu Nhập Lên Tới 20Tr) - Gấp,https://www.vietnamworks.com/truong-nhom-qs-m-e-ho-so-thanh-toan-thu-nhap-len-toi-20tr-gap-1-1-1429849-jd/?source=searchResults&searchType=2&placement=1430650&sortBy=date
388,.NET Core Developers,https://www.vietnamworks.com/net-core-developers-1-1-1429841-jd/?source=searchResults&searchType=2&placement=1430642&sortBy=date
389,Trưởng Nhóm Tuyển Dụng,https://www.vietnamworks.com/truong-nhom-tuyen-dung-54-1429276-jd/?source=searchResults&searchType=2&placement=1430077&sortBy=date
390,Chuyên Gia Phát Triển Tổ Chức / Organizational Development Experts,https://www.vietnamworks.com/chuyen-gia-phat-trien-to-chuc-organizational-development-experts-1429273-jd/?source=searchResults&searchType=2&placement=1430074&sortBy=date
391,Kỹ Sư Tự Động Hóa - Lập Trình PLC,https://www.vietnamworks.com/ky-su-tu-dong-hoa-lap-trinh-plc-5-1258800-jd/?source=searchResults&searchType=2&placement=1259601&sortBy=date
392,Field Services Engineer,https://www.vietnamworks.com/field-services-engineer-7-1439056-jd/?source=searchResults&searchType=2&placement=1439857&sortBy=date
393,Field Services Engineer,https://www.vietnamworks.com/field-services-engineer-8-1439066-jd/?source=searchResults&searchType=2&placement=1439867&sortBy=date
394,Java Engineer,https://www.vietnamworks.com/java-engineer-17-1439136-jd/?source=searchResults&searchType=2&placement=1439937&sortBy=date
395,Frontend Engineer (Javascript),https://www.vietnamworks.com/frontend-engineer-javascript-1-1439141-jd/?source=searchResults&searchType=2&placement=1439942&sortBy=date
396,Trưởng Ban Kế Hoạch Kinh Doanh Tập Đoàn,https://www.vietnamworks.com/truong-ban-ke-hoach-kinh-doanh-tap-doan-1-1-1-1439146-jd/?source=searchResults&searchType=2&placement=1439947&sortBy=date
397,AI Engineer,https://www.vietnamworks.com/ai-engineer-18-1439101-jd/?source=searchResults&searchType=2&placement=1439902&sortBy=date
398,Test Engineer,https://www.vietnamworks.com/test-engineer-51-1-1439143-jd/?source=searchResults&searchType=2&placement=1439944&sortBy=date
399,Digital Marketing Executive,https://www.vietnamworks.com/digital-marketing-executive-477-1439074-jd/?source=searchResults&searchType=2&placement=1439875&sortBy=date
400,Giám Đốc Quản Lý Tòa Nhà Văn Phòng và Các Dự Án Thuộc Công Ty,https://www.vietnamworks.com/giam-doc-quan-ly-toa-nha-van-phong-va-cac-du-an-thuoc-cong-ty-1438804-jd/?source=searchResults&searchType=2&placement=1439605&sortBy=date
401,Senior Fullstack Engineer (Java),https://www.vietnamworks.com/senior-fullstack-engineer-java-4-1-1437597-jd/?source=searchResults&searchType=2&placement=1438398&sortBy=date
402,E-Com Key Account Manager,https://www.vietnamworks.com/e-com-key-account-manager-1437501-jd/?source=searchResults&searchType=2&placement=1438302&sortBy=date
403,Sales Associate (Up to 1300Usd Per Month),https://www.vietnamworks.com/sales-associate-up-to-1300usd-per-month-1436430-jd/?source=searchResults&searchType=2&placement=1437231&sortBy=date
404,Chuyên Viên Mua Hàng (Ưu Tiên Tiếng Trung),https://www.vietnamworks.com/chuyen-vien-mua-hang-uu-tien-tieng-trung-1-1-1-1-1436388-jd/?source=searchResults&searchType=2&placement=1437189&sortBy=date
405,QA Officer,https://www.vietnamworks.com/qa-officer-29-1436171-jd/?source=searchResults&searchType=2&placement=1436972&sortBy=date
406,Chuyên Viên Nghiên Cứu Thị Trường Bất Động Sản,https://www.vietnamworks.com/chuyen-vien-nghien-cuu-thi-truong-bat-dong-san-3-1434196-jd/?source=searchResults&searchType=2&placement=1434997&sortBy=date
407,"[Up to $1,500] IT Communicator - Japanese N3 + Coding Skill (Training to be BrSE)",https://www.vietnamworks.com/up-to-1-500-it-communicator-japanese-n3-coding-skill-training-to-be-brse-1-1434023-jd/?source=searchResults&searchType=2&placement=1434824&sortBy=date
408,Kỹ Sư Điện/ Electrical Engineer (Số Lượng: 5 Người),https://www.vietnamworks.com/ky-su-dien-electrical-engineer-so-luong-5-nguoi-1-1433715-jd/?source=searchResults&searchType=2&placement=1434516&sortBy=date
409,Nhân Viên Kỹ Thuật,https://www.vietnamworks.com/nhan-vien-ky-thuat-1393-1-1433710-jd/?source=searchResults&searchType=2&placement=1434511&sortBy=date
410,Kỹ Sư Môi Trường,https://www.vietnamworks.com/ky-su-moi-truong-146-1-1433707-jd/?source=searchResults&searchType=2&placement=1434508&sortBy=date
411,Senior Sales Executive,https://www.vietnamworks.com/senior-sales-executive-183-1433637-jd/?source=searchResults&searchType=2&placement=1434438&sortBy=date
412,[Hot] Nhân Viên Giao Dịch Mua Hàng Tiếng Trung (Lương và Đãi Ngộ Hấp Dẫn),https://www.vietnamworks.com/hot-nhan-vien-giao-dich-mua-hang-tieng-trung-luong-va-dai-ngo-hap-dan-1433066-jd/?source=searchResults&searchType=2&placement=1433867&sortBy=date
413,Front-End Reactjs Engineer in Hanoi,https://www.vietnamworks.com/front-end-reactjs-engineer-in-hanoi-1433006-jd/?source=searchResults&searchType=2&placement=1433807&sortBy=date
414,[Vinhomes] Giám Đốc Điều Hành Dự Án Xây Dựng,https://www.vietnamworks.com/vinhomes-giam-doc-dieu-hanh-du-an-xay-dung-1-1431590-jd/?source=searchResults&searchType=2&placement=1432391&sortBy=date
415,Nhân Viên Kỹ Thuật,https://www.vietnamworks.com/nhan-vien-ky-thuat-50-1431511-jd/?source=searchResults&searchType=2&placement=1432312&sortBy=date
416,Kỹ Sư Làm AI - Full-Time,https://www.vietnamworks.com/ky-su-lam-ai-full-time-1431509-jd/?source=searchResults&searchType=2&placement=1432310&sortBy=date
417,Senior Technical Officer/ Engineer,https://www.vietnamworks.com/senior-technical-officer-engineer-1431105-jd/?source=searchResults&searchType=2&placement=1431906&sortBy=date
418,Chuyên Viên Đối Tác Nhân Sự (HRBP),https://www.vietnamworks.com/chuyen-vien-doi-tac-nhan-su-hrbp-7-1429295-jd/?source=searchResults&searchType=2&placement=1430096&sortBy=date
419,Trưởng Nhóm Đào Tạo,https://www.vietnamworks.com/truong-nhom-dao-tao-16-1429242-jd/?source=searchResults&searchType=2&placement=1430043&sortBy=date
420,"Fresher (Java, .NET, Devops, ...)",https://www.vietnamworks.com/fresher-java-net-devops-1-1-1-1-1-1-2-1-1429235-jd/?source=searchResults&searchType=2&placement=1430036&sortBy=date
421,Sales Leader - Medical Solutions Division (South & Mekong Delta),https://www.vietnamworks.com/sales-leader-medical-solutions-division-south-mekong-delta-1429179-jd/?source=searchResults&searchType=2&placement=1429980&sortBy=date
422,Sales for Luxury Automotive Brand (Base in HCM),https://www.vietnamworks.com/sales-for-luxury-automotive-brand-base-in-hcm-1-1428832-jd/?source=searchResults&searchType=2&placement=1429633&sortBy=date
423,Cán Bộ Môi Giới,https://www.vietnamworks.com/can-bo-moi-gioi-1439094-jd/?source=searchResults&searchType=2&placement=1439895&sortBy=date
424,Chuyên Viên Tư Vấn Khách Hàng Tổ Chức – Phòng Hỗ Trợ Giao Dịch Chứng Khoán,https://www.vietnamworks.com/chuyen-vien-tu-van-khach-hang-to-chuc-phong-ho-tro-giao-dich-chung-khoan-1-1439100-jd/?source=searchResults&searchType=2&placement=1439901&sortBy=date
425,Chuyên Viên Margin – Phòng Phát Triển Sản Phảm,https://www.vietnamworks.com/chuyen-vien-margin-phong-phat-trien-san-pham-1439105-jd/?source=searchResults&searchType=2&placement=1439906&sortBy=date
426,Trưởng Bộ Phận Tuyển Dụng,https://www.vietnamworks.com/truong-bo-phan-tuyen-dung-33-1439109-jd/?source=searchResults&searchType=2&placement=1439910&sortBy=date
427,Chuyên Viên Chính Sách Sản Phẩm – Phòng Phát Triển Sản Phẩm,https://www.vietnamworks.com/chuyen-vien-chinh-sach-san-pham-phong-phat-trien-san-pham-1439110-jd/?source=searchResults&searchType=2&placement=1439911&sortBy=date
428,Senior Full Stack Developer (Java/python/golang),https://www.vietnamworks.com/senior-full-stack-developer-java-python-golang-1-1-1439037-jd/?source=searchResults&searchType=2&placement=1439838&sortBy=date
429,"Senior Air Customer Services Administrator (Implant Position Works At Customer's Office At District 7, Ho Chi Minh City, Vietnam)",https://www.vietnamworks.com/senior-air-customer-services-administrator-implant-position-works-at-customer-s-office-at-district-7-ho-chi-minh-city-vietnam-1439106-jd/?source=searchResults&searchType=2&placement=1439907&sortBy=date
430,Digital Sales Deputy Manager,https://www.vietnamworks.com/digital-sales-deputy-manager-1439068-jd/?source=searchResults&searchType=2&placement=1439869&sortBy=date
431,Nhân Viên Vật Tư Công Trình - Làm Việc Tại Phú Quốc,https://www.vietnamworks.com/nhan-vien-vat-tu-cong-trinh-lam-viec-tai-phu-quoc-1-1439104-jd/?source=searchResults&searchType=2&placement=1439905&sortBy=date
432,Frontend Engineer (VueJS / ReactJS),https://www.vietnamworks.com/frontend-engineer-vuejs-reactjs-1-1439053-jd/?source=searchResults&searchType=2&placement=1439854&sortBy=date
433,Quality Assuarance Staff (QMS Group),https://www.vietnamworks.com/quality-assuarance-staff-qms-group-1439061-jd/?source=searchResults&searchType=2&placement=1439862&sortBy=date
434,Data Analyst (Salary $1200-$2000),https://www.vietnamworks.com/data-analyst-salary-1200-2000-1437546-jd/?source=searchResults&searchType=2&placement=1438347&sortBy=date
435,Chăm Sóc Khách Hàng (Làm Ca Đêm - Thưởng Hấp Dẫn),https://www.vietnamworks.com/cham-soc-khach-hang-lam-ca-dem-thuong-hap-dan-1-1-1437117-jd/?source=searchResults&searchType=2&placement=1437918&sortBy=date
436,Graphic Designer,https://www.vietnamworks.com/graphic-designer-870-1-1-1-1-1-1435259-jd/?source=searchResults&searchType=2&placement=1436060&sortBy=date
437,Senior Creative Designer for Packaging Team,https://www.vietnamworks.com/senior-creative-designer-for-packaging-team-1435253-jd/?source=searchResults&searchType=2&placement=1436054&sortBy=date
438,Bank Officer,https://www.vietnamworks.com/bank-officer-12-1-1433478-jd/?source=searchResults&searchType=2&placement=1434279&sortBy=date
439,Senior IT (Opportunity to Become IT Manager),https://www.vietnamworks.com/senior-it-opportunity-to-become-it-manager-1433091-jd/?source=searchResults&searchType=2&placement=1433892&sortBy=date
440,Procurement Manager,https://www.vietnamworks.com/procurement-manager-98-1433073-jd/?source=searchResults&searchType=2&placement=1433874&sortBy=date
441,SHE Coordinator Bha,https://www.vietnamworks.com/she-coordinator-bha-1432755-jd/?source=searchResults&searchType=2&placement=1433556&sortBy=date
